Symbol,Signal_Date,Entry_Price,Signal_Open,Signal_Low,Up_Move_Pct,Stop_Price,Target_Price,Risk_Pct,Outcome,Exit_Date,Exit_Price,Return_Pct,Hold_Days,Same_Bar_Both
ACMESOLAR,2025-11-14,250.6,249.1,249.1,0.6021678040947442,241.62699999999998,288.19,-3.5806065442936963,SL,2025-11-19,241.62699999999998,-3.5806065442936963,3,False
ACMESOLAR,2025-12-04,219.24,216.5,216.5,1.2655889145496646,210.005,252.126,-4.212278781244305,SL,2025-12-08,210.005,-4.212278781244305,2,False
ACMESOLAR,2026-03-25,254.12,251.0,251.0,1.2430278884462131,243.47,292.238,-4.190933417283171,TARGET,2026-04-17,292.238,14.999999999999991,13,False
ACMESOLAR,2026-05-13,282.55,280.0,280.0,0.910714285714298,271.59999999999997,324.9325,-3.875420279596542,SL,2026-05-18,271.59999999999997,-3.875420279596542,3,False
ACMESOLAR,2026-05-22,290.2,282.95,282.95,2.5622901572716072,274.4615,333.72999999999996,-5.4233287388008256,TARGET,2026-06-02,333.72999999999996,14.999999999999991,6,False
ACMESOLAR,2026-07-24,365.85,361.4,361.4,1.231322634200338,350.558,420.7275,-4.179855131884658,SL,2026-07-28,350.558,-4.179855131884658,2,False
ADANIGREEN,2025-08-25,964.1,958.35,958.35,0.5999895653988618,929.5995,1108.715,-3.578518825847943,SL,2025-08-26,929.5995,-3.578518825847943,1,False
ADANIGREEN,2025-10-10,1064.3,1048.1,1048.1,1.5456540406449726,1016.6569999999999,1223.945,-4.476463403175801,SL,2025-10-27,1016.6569999999999,-4.476463403175801,10,False
ADANIGREEN,2025-11-12,1070.8,1050.2,1050.2,1.9615311369262978,1018.694,1231.4199999999998,-4.866081434441538,SL,2025-11-24,1018.694,-4.866081434441538,8,False
ADANIGREEN,2025-12-12,1040.2,1024.0,1024.0,1.5820312500000044,993.28,1196.23,-4.510671024802926,SL,2026-01-08,993.28,-4.510671024802926,18,False
ADANIGREEN,2026-03-25,853.8,843.0,843.0,1.2811387900355742,817.7099999999999,981.8699999999999,-4.226985242445547,SL,2026-03-30,817.7099999999999,-4.226985242445547,2,False
ADANIGREEN,2026-08-20,1301.8,1294.0,1294.0,0.602782071097363,1255.18,1497.07,-3.5811952680903314,OPEN,2026-08-21,1320.0,1.3980642187739978,1,False
ADANIPORTS,2025-09-08,1348.3,1321.9,1321.9,1.9971253498751729,1282.2430000000002,1550.5449999999998,-4.899280575539555,TARGET,2026-02-04,1550.5449999999998,14.999999999999991,102,False
ADANIPORTS,2025-10-15,1450.7,1430.0,1430.0,1.4475524475524582,1387.1,1668.3049999999998,-4.384090439098376,SL,2026-01-20,1387.1,-4.384090439098376,65,False
ADANIPORTS,2025-11-26,1506.2,1484.3,1484.3,1.4754429697500626,1439.771,1732.1299999999999,-4.410370468729264,SL,2026-01-09,1439.771,-4.410370468729264,31,False
ADANIPORTS,2025-12-22,1508.7,1497.5,1497.5,0.747913188647753,1452.575,1735.0049999999999,-3.720090143832433,SL,2025-12-29,1452.575,-3.720090143832433,4,False
ADANIPORTS,2026-03-09,1421.3,1405.0,1405.0,1.160142348754456,1362.85,1634.495,-4.112432280306766,SL,2026-03-13,1362.85,-4.112432280306766,4,False
ADANIPORTS,2026-03-18,1401.9,1367.1,1367.1,2.5455343427693844,1326.0869999999998,1612.185,-5.407875026749432,SL,2026-03-23,1326.0869999999998,-5.407875026749432,3,False
ADANIPORTS,2026-07-09,1800.1,1795.3,1795.3,0.26736478582967127,1741.4409999999998,2070.115,-3.258652297094611,SL,2026-07-29,1741.4409999999998,-3.258652297094611,14,False
ADANIPORTS,2026-07-10,1828.1,1800.1,1800.1,1.5554691406032939,1746.0969999999998,2102.3149999999996,-4.485695530879063,SL,2026-07-29,1746.0969999999998,-4.485695530879063,13,False
ADANIPOWER,2025-09-25,149.0,145.5,145.5,2.405498281786933,141.135,171.35,-5.278523489932896,TARGET,2025-10-20,171.35,14.999999999999991,16,False
ADANIPOWER,2025-12-12,144.49,141.39,141.39,2.192517151142237,137.14829999999998,166.1635,-5.081112879784088,SL,2026-01-20,137.14829999999998,-5.081112879784088,25,False
ADANIPOWER,2025-12-22,143.25,141.77,141.77,1.043944417013476,137.5169,164.73749999999998,-4.00216404886562,SL,2026-01-20,137.5169,-4.00216404886562,19,False
ADANIPOWER,2026-04-27,218.05,214.6,214.6,1.6076421248835127,208.16199999999998,250.7575,-4.534739738592086,SL,2026-05-12,208.16199999999998,-4.534739738592086,10,False
ADANIPOWER,2026-08-07,209.0,208.13,208.13,0.41800797578437354,201.8861,240.35,-3.4037799043062256,SL,2026-08-17,201.8861,-3.4037799043062256,6,False
AEQUS,2026-01-08,143.36,140.0,140.0,2.400000000000002,135.79999999999998,164.864,-5.273437500000022,SL,2026-01-16,135.79999999999998,-5.273437500000022,5,False
AEQUS,2026-04-02,123.56,120.03,120.03,2.940931433808225,116.42909999999999,142.094,-5.7712042732275926,TARGET,2026-04-10,142.094,14.999999999999991,5,False
AEQUS,2026-06-11,176.15,173.6,173.6,1.4688940092165925,168.392,202.5725,-4.40420096508658,TARGET,2026-06-15,202.5725,14.999999999999991,2,False
ATGL,2026-01-22,548.0,532.95,532.95,2.8239046814898083,516.9615,630.1999999999999,-5.6639598540146,SL,2026-01-23,516.9615,-5.6639598540146,1,False
ATGL,2026-02-04,548.9,535.05,535.05,2.588543126810583,518.9984999999999,631.2349999999999,-5.447531426489349,SL,2026-02-13,518.9984999999999,-5.447531426489349,7,False
ATGL,2026-08-19,664.25,652.9,652.9,1.7383979169857566,633.313,763.8874999999999,-4.657433195333082,OPEN,2026-08-21,646.1,-2.732404968009028,2,False
ATHERENERG,2025-11-27,710.4,694.95,694.95,2.223181523850637,674.1015,816.9599999999999,-5.109586148648648,SL,2025-12-04,674.1015,-5.109586148648648,5,False
ATHERENERG,2026-05-26,950.6,925.4,925.4,2.7231467473525006,897.6379999999999,1093.19,-5.571428571428583,TARGET,2026-06-29,1093.19,15.000000000000014,22,False
AVALON,2025-09-01,842.65,832.2,832.2,1.255707762557079,807.234,969.0474999999999,-4.2029312288613285,TARGET,2025-09-10,969.0474999999999,14.999999999999991,7,False
AVALON,2025-10-17,1175.0,1141.6,1141.6,2.925718290119139,1107.3519999999999,1351.25,-5.757276595744698,SL,2025-10-27,1107.3519999999999,-5.757276595744698,5,False
AVALON,2026-04-21,1084.25,1078.0,1078.0,0.5797773654916405,1045.66,1246.8874999999998,-3.5591422642379467,SL,2026-04-24,1045.66,-3.5591422642379467,3,False
AVALON,2026-06-11,1568.2,1532.5,1532.5,2.3295269168026156,1486.5249999999999,1803.4299999999998,-5.208200484632075,TARGET,2026-06-23,1803.4299999999998,14.999999999999991,8,False
CDSL,2025-08-22,1574.4,1565.0,1565.0,0.6006389776357812,1518.05,1810.56,-3.5791412601626105,SL,2025-08-26,1518.05,-3.5791412601626105,2,False
CDSL,2025-09-08,1554.3,1523.4,1523.4,2.0283576211106658,1477.698,1787.4449999999997,-4.928392202277543,SL,2025-09-26,1477.698,-4.928392202277543,14,False
CDSL,2025-10-27,1636.5,1592.0,1592.0,2.795226130653261,1544.24,1881.975,-5.637641307668806,SL,2025-11-04,1544.24,-5.637641307668806,6,False
CDSL,2025-11-10,1589.8,1580.4,1580.4,0.5947861300936275,1532.988,1828.2699999999998,-3.5735312617939274,SL,2025-12-04,1532.988,-3.5735312617939274,18,False
CDSL,2026-01-16,1434.3,1417.0,1417.0,1.220889202540576,1374.49,1649.4449999999997,-4.169978386669449,SL,2026-01-20,1374.49,-4.169978386669449,2,False
CDSL,2026-01-22,1356.6,1345.0,1345.0,0.862453531598506,1304.6499999999999,1560.0899999999997,-3.8294265074450884,SL,2026-01-27,1304.6499999999999,-3.8294265074450884,2,False
CDSL,2026-03-02,1228.3,1205.2,1205.2,1.9166943245934265,1169.044,1412.5449999999998,-4.824228608646086,SL,2026-03-16,1169.044,-4.824228608646086,9,False
CDSL,2026-06-09,1212.3,1196.0,1196.0,1.3628762541805894,1160.12,1394.1449999999998,-4.304215128268584,TARGET,2026-06-18,1394.1449999999998,14.999999999999991,7,False
CDSL,2026-07-09,1346.5,1316.0,1316.0,2.3176291793313153,1276.52,1548.475,-5.197177868548087,OPEN,2026-08-21,1388.9,3.1489045673969596,31,False
CLEANMAX,2026-05-06,1179.8,1155.0,1155.0,2.147186147186142,1120.35,1356.7699999999998,-5.038989659264281,TARGET,2026-05-14,1356.7699999999998,14.999999999999991,6,False
CONFIPET,2025-09-17,48.86,48.1,48.1,1.580041580041569,46.657000000000004,56.18899999999999,-4.508800654932454,SL,2025-09-22,46.657000000000004,-4.508800654932454,3,False
CONFIPET,2025-10-13,42.19,42.0,42.0,0.45238095238093745,40.74,48.518499999999996,-3.436833372837156,SL,2025-10-17,40.74,-3.436833372837156,4,False
CONFIPET,2025-10-23,42.3,42.0,42.0,0.7142857142857117,40.74,48.644999999999996,-3.6879432624113417,SL,2025-10-27,40.74,-3.6879432624113417,2,False
CONFIPET,2026-01-16,34.12,33.79,33.79,0.9766203018644504,32.7763,39.23799999999999,-3.9381594372801865,SL,2026-01-20,32.7763,-3.9381594372801865,2,False
CONFIPET,2026-03-11,29.58,29.38,29.38,0.6807351940095296,28.4986,34.016999999999996,-3.655848546315077,TARGET,2026-03-12,34.016999999999996,14.999999999999991,1,False
DELHIVERY,2025-09-30,450.05,440.0,440.0,2.284090909090919,426.8,517.5575,-5.166092656371513,SL,2025-11-10,426.8,-5.166092656371513,26,False
DELHIVERY,2026-03-10,425.85,415.95,415.95,2.3800937612693973,403.4715,489.72749999999996,-5.255019373018676,SL,2026-03-13,403.4715,-5.255019373018676,3,False
DELHIVERY,2026-03-20,422.85,415.05,415.05,1.8792916516082503,402.5985,486.2775,-4.789286981199014,SL,2026-03-23,402.5985,-4.789286981199014,1,False
DELHIVERY,2026-04-01,431.4,427.0,427.0,1.030444964871191,414.19,496.10999999999996,-3.9893370421882235,TARGET,2026-07-01,496.10999999999996,14.999999999999991,60,False
DELHIVERY,2026-05-25,455.45,449.1,449.1,1.4139389890892806,435.627,523.7674999999999,-4.35239872653419,SL,2026-06-01,435.627,-4.35239872653419,4,False
DELHIVERY,2026-06-05,445.25,439.2,439.2,1.3775045537340658,426.024,512.0374999999999,-4.318023582257158,TARGET,2026-07-02,512.0374999999999,14.999999999999968,18,False
DELHIVERY,2026-07-09,515.65,505.0,505.0,2.108910891089111,489.84999999999997,592.9975,-5.003393774847287,SL,2026-07-17,489.84999999999997,-5.003393774847287,6,False
DELHIVERY,2026-08-13,467.0,466.0,466.0,0.21459227467810482,452.02,537.05,-3.2077087794432635,SL,2026-08-18,451.65,-3.286937901498932,3,False
EMSLIMITED,2025-10-10,549.8,544.1,544.1,1.0476015438338315,527.777,632.2699999999999,-4.005638413968704,SL,2025-10-28,527.777,-4.005638413968704,11,False
EMSLIMITED,2025-10-21,537.1,533.5,533.5,0.6747891283973795,517.495,617.665,-3.6501582573077673,SL,2025-10-28,517.495,-3.6501582573077673,4,False
EMSLIMITED,2025-10-29,534.25,522.0,522.0,2.3467432950191602,506.34,614.3874999999999,-5.2241459990641115,SL,2025-11-04,506.34,-5.2241459990641115,4,False
EMSLIMITED,2025-11-26,447.05,438.65,438.65,1.9149663741023781,425.49049999999994,514.1075,-4.822614920031332,SL,2025-12-02,425.49049999999994,-4.822614920031332,4,False
EMSLIMITED,2026-02-26,294.35,289.5,289.5,1.6753022452504318,280.815,338.5025,-4.598267368778675,SL,2026-03-02,273.1,-7.219296755563109,2,False
EMSLIMITED,2026-04-10,310.25,305.1,305.1,1.687971156997703,295.947,356.78749999999997,-4.610153102336822,TARGET,2026-04-20,369.85,19.210314262691377,5,False
EMSLIMITED,2026-05-07,369.3,366.4,366.4,0.7914847161572203,355.40799999999996,424.695,-3.7617113457893425,SL,2026-05-11,355.40799999999996,-3.7617113457893425,2,False
EXICOM,2025-09-11,146.18,142.8,142.8,2.366946778711476,138.51600000000002,168.107,-5.2428512792447535,TARGET,2025-09-19,168.107,14.999999999999991,6,False
EXICOM,2025-10-01,146.73,144.3,144.3,1.6839916839916702,139.971,168.73949999999996,-4.606419955019414,SL,2025-10-20,139.971,-4.606419955019414,12,False
EXICOM,2026-01-28,99.25,97.81,97.81,1.47224210203456,94.8757,114.13749999999999,-4.407355163727966,SL,2026-02-02,94.8757,-4.407355163727966,4,False
EXICOM,2026-06-18,168.15,166.5,166.5,0.9909909909910031,161.505,193.3725,-3.951828724353257,SL,2026-06-25,161.505,-3.951828724353257,5,False
EXICOM,2026-07-15,164.26,163.19,163.19,0.6556774312151514,158.2943,188.89899999999997,-3.631864117861927,SL,2026-07-24,158.2943,-3.631864117861927,7,False
GENUSPOWER,2025-09-11,328.3,325.5,325.5,0.8602150537634357,315.735,377.54499999999996,-3.827292110874203,SL,2025-09-26,315.735,-3.827292110874203,11,False
GENUSPOWER,2025-11-25,322.3,320.55,320.55,0.5459366713461256,310.9335,370.645,-3.526683214396531,SL,2025-12-02,310.9335,-3.526683214396531,5,False
GENUSPOWER,2026-07-31,312.7,307.95,307.95,1.5424581912648172,298.7115,359.60499999999996,-4.47345698752798,OPEN,2026-08-21,337.95,8.074832107451236,15,False
HCC,2025-10-23,28.46,28.12,28.12,1.2091038406827792,27.2764,32.729,-4.158819395643009,SL,2025-11-06,27.2764,-4.158819395643009,9,False
HCC,2025-11-12,26.0,25.6,25.6,1.5625,24.832,29.9,-4.492307692307684,SL,2025-11-19,24.832,-4.492307692307684,5,False
HCC,2025-11-14,25.65,25.44,25.44,0.8254716981132004,24.6768,29.497499999999995,-3.7941520467836165,SL,2025-11-20,24.6768,-3.7941520467836165,4,False
HFCL,2025-10-10,76.04,74.35,74.35,2.2730329522528736,72.11949999999999,87.446,-5.1558390320883944,SL,2025-11-21,72.11949999999999,-5.1558390320883944,28,False
HFCL,2025-12-01,71.17,70.58,70.58,0.8359308586001646,68.4626,81.8455,-3.804130954053686,SL,2025-12-05,68.4626,-3.804130954053686,4,False
HFCL,2026-03-25,70.93,70.17,70.17,1.0830839390052693,68.0649,81.5695,-4.039334555195284,SL,2026-03-30,68.0649,-4.039334555195284,2,False
HFCL,2026-06-08,177.87,177.87,177.87,0.0,172.5339,204.5505,-3.0000000000000138,SL,2026-06-09,172.5339,-3.0000000000000138,1,False
HFCL,2026-06-11,163.68,160.66,160.66,1.879746047553854,155.84019999999998,188.232,-4.789711632453586,TARGET,2026-06-16,188.232,14.999999999999991,3,False
HFCL,2026-06-15,180.45,180.45,180.45,0.0,175.0365,207.51749999999998,-3.0000000000000027,TARGET,2026-06-19,207.51749999999998,14.999999999999991,4,False
HSCL,2025-09-01,452.65,447.4,447.4,1.1734465802413885,433.97799999999995,520.5474999999999,-4.1250414227328,SL,2025-11-24,433.97799999999995,-4.1250414227328,57,False
HSCL,2025-10-01,448.25,442.5,442.5,1.2994350282485856,429.22499999999997,515.4875,-4.244283324037934,SL,2025-11-24,429.22499999999997,-4.244283324037934,35,False
HSCL,2025-12-10,463.5,456.5,456.5,1.533406352683464,442.805,533.025,-4.464940668824157,SL,2026-01-21,442.805,-4.464940668824157,28,False
HSCL,2026-01-13,473.95,472.0,472.0,0.4131355932203373,457.84,545.0424999999999,-3.399092731300768,SL,2026-01-20,457.84,-3.399092731300768,4,False
HSCL,2026-04-23,536.2,522.0,522.0,2.7203065134099758,506.34,616.63,-5.568817605371146,TARGET,2026-04-30,616.63,14.999999999999991,5,False
HYUNDAI,2025-10-08,2473.8,2455.1,2455.1,0.761679768644874,2381.4469999999997,2844.87,-3.733244401325919,SL,2025-10-13,2381.4469999999997,-3.733244401325919,3,False
HYUNDAI,2026-01-16,2340.4,2300.0,2300.0,1.7565217391304344,2231.0,2691.46,-4.674414629977786,SL,2026-01-27,2231.0,-4.674414629977786,6,False
HYUNDAI,2026-05-25,1880.9,1859.0,1859.0,1.1780527165142551,1803.23,2163.035,-4.129406135360735,TARGET,2026-07-31,2163.035,14.999999999999991,47,False
HYUNDAI,2026-06-22,1988.9,1975.0,1975.0,0.7037974683544279,1915.75,2287.235,-3.677912413897133,SL,2026-06-29,1915.75,-3.677912413897133,4,False
HYUNDAI,2026-08-10,2223.0,2193.7,2193.7,1.3356429776177237,2127.8889999999997,2556.45,-4.278497525865966,OPEN,2026-08-21,2218.8,-0.18893387314439236,9,False
HYUNDAI,2026-08-12,2240.0,2192.7,2192.7,2.1571578419300463,2126.919,2576.0,-5.048258928571436,OPEN,2026-08-21,2218.8,-0.9464285714285592,7,False
INOXINDIA,2025-09-10,1182.2,1180.0,1180.0,0.1864406779661154,1144.6,1359.53,-3.180510911859258,SL,2025-09-12,1144.6,-3.180510911859258,2,False
INOXINDIA,2025-10-10,1196.2,1175.0,1175.0,1.8042553191489397,1139.75,1375.6299999999999,-4.719110516636016,SL,2025-11-19,1139.75,-4.719110516636016,26,False
INOXINDIA,2025-10-13,1191.5,1179.0,1179.0,1.060220525869382,1143.6299999999999,1370.225,-4.017624842635348,SL,2025-11-19,1143.6299999999999,-4.017624842635348,25,False
INOXINDIA,2025-10-15,1190.5,1172.1,1172.1,1.5698319256036264,1136.937,1369.0749999999998,-4.499202015959691,SL,2025-11-19,1136.937,-4.499202015959691,23,False
INOXINDIA,2025-10-29,1221.5,1202.6,1202.6,1.5715948777648592,1166.522,1404.725,-4.500859598853879,SL,2025-11-06,1166.522,-4.500859598853879,5,False
INOXINDIA,2025-11-13,1200.2,1196.1,1196.1,0.3427807039545261,1160.2169999999999,1380.23,-3.33136143976005,SL,2025-11-19,1148.4,-4.3159473421096495,4,False
INOXINDIA,2025-11-14,1200.5,1195.7,1195.7,0.401438487915029,1159.829,1380.5749999999998,-3.3878384006663986,SL,2025-11-19,1148.4,-4.339858392336515,3,False
INOXINDIA,2026-01-28,1090.2,1070.0,1070.0,1.88785046728972,1037.8999999999999,1253.73,-4.797284901852883,TARGET,2026-03-25,1253.73,14.999999999999991,40,False
INOXINDIA,2026-08-05,1937.5,1920.9,1920.9,0.8641782497787354,1863.2730000000001,2228.125,-3.831070967741923,OPEN,2026-08-21,1930.2,-0.37677419354837927,12,False
JSWINFRA,2025-11-26,269.75,267.3,267.3,0.9165731387953624,259.281,310.2125,-3.8810009267840617,SL,2025-12-09,259.281,-3.8810009267840617,9,False
JSWINFRA,2026-03-25,258.2,252.55,252.55,2.2371807562858725,244.9735,296.92999999999995,-5.122579395817195,SL,2026-03-30,244.9735,-5.122579395817195,2,False
JSWINFRA,2026-05-26,278.95,276.05,276.05,1.0505343234921138,267.7685,320.79249999999996,-4.008424448825942,SL,2026-06-04,267.7685,-4.008424448825942,6,False
JSWINFRA,2026-06-23,314.95,309.0,309.0,1.9255663430420622,299.73,362.19249999999994,-4.832513097317026,OPEN,2026-08-21,335.7,6.58834735672329,42,False
KEC,2026-02-17,606.9,601.15,601.15,0.9565000415869607,583.1155,697.935,-3.919014664689402,SL,2026-02-19,583.1155,-3.919014664689402,2,False
KEC,2026-04-17,580.05,570.0,570.0,1.7631578947368443,552.9,667.0574999999999,-4.680630980087919,SL,2026-05-12,552.9,-4.680630980087919,16,False
LENSKART,2025-11-25,414.95,412.95,412.95,0.4843201356096394,400.56149999999997,477.19249999999994,-3.4675262079768676,TARGET,2025-12-19,477.19249999999994,14.999999999999991,18,False
LENSKART,2026-02-03,459.3,449.55,449.55,2.168835502168842,436.0635,528.1949999999999,-5.059111691704777,TARGET,2026-02-12,528.1949999999999,14.999999999999991,7,False
LENSKART,2026-02-20,489.4,479.95,479.95,1.9689550994895333,465.5515,562.81,-4.873007764609727,SL,2026-05-18,465.5515,-4.873007764609727,55,False
LENSKART,2026-04-28,537.0,526.0,526.0,2.091254752851701,510.21999999999997,617.55,-4.986964618249545,SL,2026-04-30,510.21999999999997,-4.986964618249545,2,False
LENSKART,2026-06-11,502.25,496.6,496.6,1.137736608940787,481.702,577.5875,-4.091189646590343,TARGET,2026-08-10,577.5875,14.999999999999991,41,False
LENSKART,2026-07-27,572.0,558.0,558.0,2.508960573476693,541.26,657.8,-5.374125874125879,TARGET,2026-08-20,657.8,14.999999999999991,18,False
LENSKART,2026-08-14,611.85,597.75,597.75,2.358845671267251,579.8175,703.6274999999999,-5.235351801912236,OPEN,2026-08-21,661.4,8.098390128299403,5,False
LLOYDSENGG,2025-08-21,70.12,69.18,69.18,1.3587742122000535,67.1046,80.638,-4.3003422703936085,SL,2025-08-26,67.1046,-4.3003422703936085,3,False
LLOYDSENGG,2025-09-25,60.84,59.4,59.4,2.42424242424244,57.617999999999995,69.966,-5.2958579881656975,SL,2025-09-30,57.617999999999995,-5.2958579881656975,3,False
LLOYDSENGG,2026-02-17,52.06,51.5,51.5,1.0873786407767039,49.955,59.869,-4.043411448328859,SL,2026-02-20,49.955,-4.043411448328859,3,False
LLOYDSENGG,2026-06-05,72.69,71.84,71.84,1.1831848552338542,69.6848,83.59349999999999,-4.134268812766551,SL,2026-06-08,69.6848,-4.134268812766551,1,False
LLOYDSENGG,2026-07-27,91.33,89.05,89.05,2.5603593486805076,86.37849999999999,105.02949999999998,-5.421548231687301,SL,2026-08-06,86.37849999999999,-5.421548231687301,8,False
LLOYDSENGG,2026-08-14,93.53,91.15,91.15,2.6110806363137673,88.41550000000001,107.5595,-5.468298941516081,OPEN,2026-08-21,90.05,-3.7207313161552458,5,False
LLOYDSENT,2025-09-30,62.4,61.4,61.4,1.6286644951140072,59.558,71.75999999999999,-4.554487179487177,TARGET,2025-10-09,71.75999999999999,14.999999999999991,6,False
LLOYDSENT,2025-10-21,70.33,69.38,69.38,1.3692706831940127,67.2986,80.8795,-4.310251670695298,SL,2025-10-27,67.2986,-4.310251670695298,3,False
LLOYDSENT,2025-11-26,58.26,56.7,56.7,2.751322751322749,54.999,66.999,-5.597322348094735,SL,2025-12-03,54.999,-5.597322348094735,5,False
LLOYDSENT,2026-01-14,59.16,57.86,57.86,2.246802627030764,56.124199999999995,68.03399999999999,-5.131507775524002,SL,2026-01-19,55.78,-5.713319810682882,2,False
LLOYDSENT,2026-01-19,56.17,55.78,55.78,0.6991753316600846,54.1066,64.5955,-3.6734911874666265,SL,2026-01-20,54.1066,-3.6734911874666265,1,False
LLOYDSENT,2026-03-24,42.83,42.38,42.38,1.0618216139688386,41.1086,49.25449999999999,-4.019145458790552,SL,2026-03-30,41.1086,-4.019145458790552,3,False
LLOYDSENT,2026-03-25,44.49,43.4,43.4,2.5115207373271886,42.098,51.1635,-5.376489098673865,SL,2026-03-27,42.098,-5.376489098673865,1,False
LLOYDSENT,2026-04-20,65.88,64.02,64.02,2.9053420805998043,62.099399999999996,75.76199999999999,-5.73861566484517,TARGET,2026-05-27,75.76199999999999,14.999999999999991,26,False
MARKSANS,2025-09-19,179.11,178.37,178.37,0.4148679710713754,173.0189,205.9765,-3.4007593099212863,SL,2025-09-23,173.0189,-3.4007593099212863,2,False
MARKSANS,2025-11-10,187.0,182.99,182.99,2.191376577955073,177.5003,215.04999999999998,-5.08005347593582,SL,2025-12-29,177.5003,-5.08005347593582,34,False
MARKSANS,2026-03-10,174.06,170.0,170.0,2.3882352941176466,164.9,200.16899999999998,-5.262553142594506,SL,2026-03-16,164.9,-5.262553142594506,4,False
MARKSANS,2026-07-23,246.1,239.9,239.9,2.5844101709045386,232.703,283.015,-5.443722064201539,TARGET,2026-08-12,283.015,14.999999999999991,14,False
MARKSANS,2026-08-07,273.85,267.25,267.25,2.4695977549111348,259.2325,314.9275,-5.337776154829288,TARGET,2026-08-12,314.9275,14.999999999999991,3,False
MEESHO,2026-02-01,165.45,165.45,165.45,0.0,160.48649999999998,190.26749999999998,-3.0000000000000027,SL,2026-02-02,157.18,-4.998488969477178,1,False
MEESHO,2026-02-02,157.18,157.18,157.18,0.0,152.4646,180.757,-3.0000000000000138,SL,2026-02-03,152.4646,-3.0000000000000138,1,False
MEESHO,2026-02-06,154.26,151.38,151.38,1.9024970273483932,146.83859999999999,177.39899999999997,-4.810968494749124,SL,2026-03-09,146.83859999999999,-4.810968494749124,20,False
MEESHO,2026-02-09,156.93,154.3,154.3,1.7044718081659083,149.67100000000002,180.46949999999998,-4.625629261454145,SL,2026-02-13,149.67100000000002,-4.625629261454145,4,False
MEESHO,2026-02-18,156.16,152.44,152.44,2.440304382051961,147.86679999999998,179.58399999999997,-5.310706967213119,SL,2026-03-04,147.86679999999998,-5.310706967213119,9,False
MEESHO,2026-03-19,144.16,142.56,142.56,1.122334455667784,138.2832,165.784,-4.076581576026639,TARGET,2026-04-09,165.784,14.999999999999991,12,False
MEESHO,2026-08-17,193.82,191.0,191.0,1.476439790575923,185.26999999999998,222.89299999999997,-4.411309462387791,OPEN,2026-08-21,205.69,6.124238984624908,4,False
MEESHO,2026-08-19,196.88,192.0,192.0,2.5416666666666643,186.24,226.41199999999998,-5.404307192198288,OPEN,2026-08-21,205.69,4.4748069890288455,2,False
MOREPENLAB,2025-08-29,46.63,46.36,46.36,0.58239861949958,44.9692,53.6245,-3.561655586532275,TARGET,2025-09-10,53.6245,14.999999999999991,8,False
MOREPENLAB,2025-09-01,47.96,46.63,46.63,2.8522410465365633,45.2311,55.153999999999996,-5.68994995829859,TARGET,2025-09-17,55.153999999999996,14.999999999999991,12,False
MOREPENLAB,2025-09-09,51.22,50.0,50.0,2.4399999999999977,48.5,58.90299999999999,-5.310425614994141,SL,2025-09-26,48.5,-5.310425614994141,13,False
MOREPENLAB,2025-10-16,48.49,48.15,48.15,0.7061266874351046,46.7055,55.7635,-3.6801402351000267,SL,2025-11-10,46.7055,-3.6801402351000267,15,False
MOREPENLAB,2025-12-31,41.07,40.5,40.5,1.4074074074074128,39.285,47.2305,-4.346238130021918,SL,2026-01-09,39.285,-4.346238130021918,7,False
MOREPENLAB,2026-01-02,42.03,41.11,41.11,2.2378983215762593,39.8767,48.3345,-5.123245300975499,SL,2026-01-09,39.8767,-5.123245300975499,5,False
MOREPENLAB,2026-04-17,41.9,41.0,41.0,2.195121951219514,39.769999999999996,48.184999999999995,-5.083532219570408,SL,2026-05-18,39.769999999999996,-5.083532219570408,20,False
MOREPENLAB,2026-04-21,41.8,41.0,41.0,1.9512195121951237,39.769999999999996,48.06999999999999,-4.856459330143547,SL,2026-05-18,39.769999999999996,-4.856459330143547,18,False
MOREPENLAB,2026-04-27,43.27,42.1,42.1,2.7790973871733904,40.837,49.7605,-5.622833371851166,SL,2026-05-18,40.837,-5.622833371851166,14,False
MOREPENLAB,2026-05-13,43.9,42.7,42.7,2.810304449648693,41.419000000000004,50.48499999999999,-5.6514806378132,SL,2026-05-18,41.0,-6.60592255125284,3,False
MOREPENLAB,2026-05-19,41.86,41.5,41.5,0.867469879518068,40.254999999999995,48.138999999999996,-3.834209268991884,TARGET,2026-06-01,48.138999999999996,14.999999999999991,8,False
MOREPENLAB,2026-05-29,43.24,42.2,42.2,2.4644549763033208,40.934000000000005,49.726,-5.333024976873258,TARGET,2026-06-10,49.726,14.999999999999991,8,False
MOREPENLAB,2026-07-09,60.96,59.31,59.31,2.7819929185634695,57.5307,70.104,-5.625492125984244,SL,2026-07-21,57.5307,-5.625492125984244,8,False
MSTCLTD,2025-09-15,538.65,532.45,532.45,1.1644285848436242,516.4765,619.4474999999999,-4.116494941056348,SL,2025-09-23,516.4765,-4.116494941056348,6,False
MSTCLTD,2025-09-30,476.4,471.6,471.6,1.0178117048345925,457.452,547.8599999999999,-3.9773299748110835,TARGET,2025-10-06,547.8599999999999,14.999999999999991,3,False
MSTCLTD,2026-01-14,484.3,477.6,477.6,1.4028475711892696,463.272,556.9449999999999,-4.341936816023129,SL,2026-01-20,463.272,-4.341936816023129,3,False
MSTCLTD,2026-04-10,423.05,420.0,420.0,0.7261904761904692,407.4,486.5075,-3.699326320765872,SL,2026-04-13,407.4,-3.699326320765872,1,False
MSTCLTD,2026-04-27,447.15,436.8,436.8,2.369505494505497,423.696,514.2225,-5.24521972492451,SL,2026-05-12,423.696,-5.24521972492451,10,False
MSTCLTD,2026-05-07,454.65,446.3,446.3,1.8709388303831398,432.911,522.8475,-4.781480259540305,SL,2026-05-12,432.911,-4.781480259540305,3,False
MSTCLTD,2026-05-25,430.05,427.5,427.5,0.5964912280701729,414.675,494.55749999999995,-3.5751656784094865,TARGET,2026-06-04,494.55749999999995,14.999999999999991,7,False
MSTCLTD,2026-06-24,670.55,658.7,658.7,1.7989980264156546,638.9390000000001,771.1324999999999,-4.714189844157768,SL,2026-06-25,638.9390000000001,-4.714189844157768,1,False
MSTCLTD,2026-08-05,601.9,599.95,599.95,0.3250270855904569,581.9515,692.185,-3.314254859611221,SL,2026-08-10,581.0,-3.4723375976075777,3,False
NRBBEARING,2025-08-22,298.55,298.0,298.0,0.18456375838926675,289.06,343.3325,-3.1786970356724176,SL,2025-08-26,289.06,-3.1786970356724176,2,False
NRBBEARING,2025-09-01,286.85,282.25,282.25,1.6297608503100136,273.78249999999997,329.8775,-4.555516820637983,SL,2025-09-08,273.78249999999997,-4.555516820637983,5,False
NRBBEARING,2025-09-11,283.0,282.0,282.0,0.35460992907800915,273.54,325.45,-3.3427561837455766,SL,2025-10-09,273.54,-3.3427561837455766,19,False
NRBBEARING,2025-10-21,268.7,264.6,264.6,1.5495086923658308,256.66200000000003,309.00499999999994,-4.480089318943037,TARGET,2025-12-02,309.00499999999994,14.999999999999991,28,False
NRBBEARING,2025-10-28,265.5,262.1,262.1,1.297214803510105,254.23700000000002,305.325,-4.242184557438788,TARGET,2025-12-01,305.325,14.999999999999991,23,False
NRBBEARING,2025-11-14,287.1,280.0,280.0,2.5357142857142856,271.59999999999997,330.165,-5.398815743643349,SL,2025-12-09,271.59999999999997,-5.398815743643349,17,False
NRBBEARING,2025-11-18,289.4,285.9,285.9,1.224204267226292,277.323,332.80999999999995,-4.173116793365583,SL,2025-12-05,277.323,-4.173116793365583,13,False
NRBBEARING,2026-01-22,239.7,233.9,233.9,2.479692176143633,226.883,275.655,-5.3471005423445845,TARGET,2026-02-05,275.655,14.999999999999991,10,False
NRBBEARING,2026-03-02,266.65,262.25,262.25,1.6777883698760654,254.3825,306.6474999999999,-4.600600037502334,SL,2026-03-09,254.3825,-4.600600037502334,4,False
NRBBEARING,2026-03-11,266.1,262.05,262.05,1.5455065827132186,254.1885,306.015,-4.476324689966182,SL,2026-03-13,254.1885,-4.476324689966182,2,False
NRBBEARING,2026-03-17,255.35,248.0,248.0,2.963709677419346,240.56,293.6525,-5.7920501272762825,SL,2026-03-20,240.56,-5.7920501272762825,3,False
NRBBEARING,2026-06-24,429.6,426.25,426.25,0.7859237536656849,413.4625,494.03999999999996,-3.7564013035381816,SL,2026-06-29,413.4625,-3.7564013035381816,2,False
ONIDA,2025-10-17,28.23,28.23,28.23,0.0,27.3831,32.4645,-3.0000000000000027,SL,2025-10-31,27.25,-3.4714842366276977,9,False
ONIDA,2025-10-21,28.5,28.5,28.5,0.0,27.645,32.775,-3.0000000000000027,SL,2025-10-31,27.25,-4.385964912280704,7,False
ONIDA,2025-10-23,29.07,29.07,29.07,0.0,28.1979,33.430499999999995,-3.0000000000000027,SL,2025-10-30,27.81,-4.334365325077405,5,False
ONIDA,2025-10-24,29.65,29.65,29.65,0.0,28.760499999999997,34.0975,-3.0000000000000027,SL,2025-10-29,28.38,-4.283305227655987,3,False
ONIDA,2025-10-29,28.38,28.38,28.38,0.0,27.528599999999997,32.63699999999999,-3.0000000000000027,SL,2025-10-31,27.25,-3.981677237491188,2,False
ONIDA,2025-10-30,27.81,27.81,27.81,0.0,26.9757,31.981499999999997,-2.9999999999999916,SL,2025-11-03,26.8,-3.6317871269327506,2,False
ONIDA,2025-10-31,27.25,27.25,27.25,0.0,26.4325,31.3375,-2.9999999999999916,SL,2025-11-06,26.4325,-2.9999999999999916,3,False
ONIDA,2025-11-03,27.39,26.8,26.8,2.201492537313432,25.996,31.4985,-5.089448703906541,SL,2025-11-07,25.78,-5.878057685286597,3,False
ONIDA,2025-11-07,25.78,25.78,25.78,0.0,25.0066,29.647,-3.0000000000000138,SL,2025-11-21,25.0,-3.0256012412723132,10,False
ONIDA,2025-11-10,25.6,25.5,25.5,0.39215686274509665,24.735,29.439999999999998,-3.378906250000002,SL,2025-11-24,24.32,-5.000000000000004,10,False
ONIDA,2025-11-12,26.47,26.02,26.02,1.7294388931591076,25.2394,30.440499999999997,-4.649036645258775,SL,2025-11-20,25.2394,-4.649036645258775,6,False
ONIDA,2025-11-21,25.0,25.0,25.0,0.0,24.25,28.749999999999996,-3.0000000000000027,SL,2025-11-24,24.25,-3.0000000000000027,1,False
ONIDA,2025-12-19,25.07,24.55,24.55,2.118126272912413,23.8135,28.830499999999997,-5.01196649381731,TARGET,2025-12-31,28.830499999999997,14.999999999999991,7,False
ONIDA,2025-12-23,25.5,25.2,25.2,1.1904761904761862,24.444,29.325,-4.141176470588237,TARGET,2026-01-05,29.325,14.999999999999991,8,False
ONIDA,2026-03-20,25.49,24.88,24.88,2.4517684887459756,24.133599999999998,29.313499999999998,-5.321302471557477,SL,2026-03-23,24.133599999999998,-5.321302471557477,1,False
ONIDA,2026-03-25,24.46,23.75,23.75,2.9894736842105196,23.037499999999998,28.128999999999998,-5.815617334423562,TARGET,2026-03-30,28.128999999999998,14.999999999999991,2,False
ONIDA,2026-06-09,38.09,37.41,37.41,1.8176958032611878,36.287699999999994,43.8035,-4.731688107114751,SL,2026-06-10,36.287699999999994,-4.731688107114751,1,False
ONIDA,2026-06-24,42.29,41.07,41.07,2.9705381056732483,39.8379,48.6335,-5.798297469851033,SL,2026-06-30,38.9,-8.016079451406954,3,False
ONIDA,2026-07-09,42.66,42.15,42.15,1.2099644128113818,40.8855,49.05899999999999,-4.15963431786216,SL,2026-07-13,40.8,-4.360056258790435,2,False
PINELABS,2025-12-26,237.54,235.0,235.0,1.0808510638297797,227.95,273.171,-4.037214784878341,SL,2026-01-09,227.95,-4.037214784878341,10,False
PINELABS,2025-12-31,239.33,235.1,235.1,1.799234368353897,228.047,275.2295,-4.714411064220958,SL,2026-01-09,228.047,-4.714411064220958,7,False
PINELABS,2026-05-04,195.72,195.0,195.0,0.36923076923076614,189.15,225.07799999999997,-3.356836296750454,SL,2026-05-12,189.15,-3.356836296750454,6,False
PINELABS,2026-07-27,148.94,147.11,147.11,1.2439670994493834,142.69670000000002,171.28099999999998,-4.191822210286,SL,2026-07-30,142.69670000000002,-4.191822210286,3,False
PINELABS,2026-08-20,159.73,158.53,158.53,0.7569545196492777,153.7741,183.68949999999998,-3.728729731421765,OPEN,2026-08-21,156.91,-1.7654792462280078,1,False
PVRINOX,2025-09-09,1129.4,1111.9,1111.9,1.5738825433941894,1078.5430000000001,1298.81,-4.503010448025502,SL,2025-09-30,1078.5430000000001,-4.503010448025502,15,False
PVRINOX,2025-09-29,1100.9,1091.1,1091.1,0.8981761525066689,1058.367,1266.035,-3.8634753383595344,SL,2025-11-25,1058.367,-3.8634753383595344,38,False
PVRINOX,2025-10-10,1090.0,1086.0,1086.0,0.36832412523020164,1053.42,1253.5,-3.355963302752285,SL,2025-11-25,1053.42,-3.355963302752285,30,False
PVRINOX,2025-12-31,1015.2,996.0,996.0,1.927710843373509,966.12,1167.48,-4.834515366430258,SL,2026-01-12,966.12,-4.834515366430258,8,False
PVRINOX,2026-03-02,1016.4,1000.0,1000.0,1.639999999999997,970.0,1168.86,-4.565131837859104,SL,2026-03-13,970.0,-4.565131837859104,8,False
PVRINOX,2026-03-17,1003.3,980.2,980.2,2.3566619057335148,950.794,1153.7949999999998,-5.233330010963821,SL,2026-03-23,950.794,-5.233330010963821,4,False
PVRINOX,2026-04-07,946.4,932.0,932.0,1.5450643776824036,904.04,1088.36,-4.4759087066779335,TARGET,2026-04-29,1088.36,14.999999999999991,15,False
PVRINOX,2026-04-27,1018.9,1005.0,1005.0,1.383084577114424,974.85,1171.735,-4.3232898223574345,SL,2026-05-26,974.85,-4.3232898223574345,20,False
PVRINOX,2026-05-08,1073.8,1061.1,1061.1,1.196871171425884,1029.2669999999998,1234.87,-4.147234121810406,SL,2026-05-11,1029.2669999999998,-4.147234121810406,1,False
PVRINOX,2026-05-29,962.6,957.8,957.8,0.5011484652328368,929.0659999999999,1106.99,-3.483690006233131,TARGET,2026-07-27,1106.99,14.999999999999991,40,False
PVRINOX,2026-06-04,976.35,972.0,972.0,0.44753086419753174,942.8399999999999,1122.8025,-3.4321708403748707,SL,2026-06-11,942.8399999999999,-3.4321708403748707,5,False
PVRINOX,2026-07-01,978.15,962.0,962.0,1.678794178794174,933.14,1124.8725,-4.601543730511681,TARGET,2026-07-27,1124.8725,14.999999999999991,18,False
PVRINOX,2026-08-07,1156.0,1135.0,1135.0,1.8502202643171817,1100.95,1329.3999999999999,-4.7621107266435985,OPEN,2026-08-21,1216.8,5.259515570934248,10,False
PVRINOX,2026-08-12,1189.5,1155.0,1155.0,2.9870129870129825,1120.35,1367.925,-5.813366960907951,OPEN,2026-08-21,1216.8,2.2950819672131084,7,False
RAIN,2025-10-21,127.7,126.6,126.6,0.8688783570300229,122.80199999999999,146.855,-3.8355520751762073,SL,2025-11-12,122.80199999999999,-3.8355520751762073,14,False
RAIN,2025-12-12,106.86,105.25,105.25,1.5296912114014294,102.0925,122.889,-4.461444881152909,TARGET,2025-12-19,122.889,14.999999999999991,5,False
RAIN,2026-04-27,131.04,129.0,129.0,1.5813953488372112,125.13,150.69599999999997,-4.510073260073256,TARGET,2026-05-11,154.8,18.131868131868156,9,False
RAIN,2026-08-03,229.53,224.1,224.1,2.4230254350736224,217.37699999999998,263.9595,-5.29473271467783,SL,2026-08-10,217.37699999999998,-5.29473271467783,5,False
RATNAVEER,2025-09-17,146.59,145.25,145.25,0.9225473321858857,140.89249999999998,168.5785,-3.8866907701753273,SL,2025-09-23,140.89249999999998,-3.8866907701753273,4,False
RATNAVEER,2025-10-23,156.41,152.09,152.09,2.840423433493311,147.5273,179.87149999999997,-5.679112588709156,SL,2025-11-04,147.5273,-5.679112588709156,8,False
RATNAVEER,2025-10-29,151.26,149.2,149.2,1.3806970509383287,144.724,173.94899999999998,-4.321036625677643,SL,2026-01-09,144.724,-4.321036625677643,50,False
RATNAVEER,2025-11-13,154.52,151.66,151.66,1.885797177897941,147.1102,177.698,-4.79536629562517,SL,2025-11-26,147.05,-4.834325653637073,9,False
RATNAVEER,2025-11-25,147.63,147.2,147.2,0.2921195652173969,142.784,169.7745,-3.2825306509517094,TARGET,2025-12-22,169.7745,14.999999999999991,19,False
RATNAVEER,2025-11-26,148.87,147.05,147.05,1.2376742604556235,142.6385,171.2005,-4.1858668637066,SL,2026-01-12,142.6385,-4.1858668637066,32,False
RATNAVEER,2025-12-12,159.48,156.0,156.0,2.230769230769214,151.32,183.402,-5.1166290443942835,SL,2025-12-26,151.32,-5.1166290443942835,9,False
RATNAVEER,2025-12-22,166.81,162.1,162.1,2.9056138186304814,157.237,191.83149999999998,-5.738864576464242,SL,2025-12-24,157.237,-5.738864576464242,2,False
RATNAVEER,2026-03-11,142.25,141.0,141.0,0.8865248226950451,136.77,163.58749999999998,-3.8523725834797795,SL,2026-03-13,136.77,-3.8523725834797795,2,False
REDINGTON,2025-09-12,243.8,242.2,242.2,0.6606110652353614,234.93399999999997,280.37,-3.636587366694033,TARGET,2025-09-16,280.37,14.999999999999991,2,False
REDINGTON,2026-07-30,310.95,307.95,307.95,0.9741841207988378,298.7115,357.5925,-3.935841775205018,TARGET,2026-08-03,357.5925,14.999999999999991,2,False
REDINGTON,2026-08-13,346.0,340.55,340.55,1.600352371164293,330.3335,397.9,-4.527890173410398,SL,2026-08-18,330.3335,-4.527890173410398,3,False
RPTECH,2025-11-14,337.5,334.45,334.45,0.9119449843025818,324.4165,388.12499999999994,-3.876592592592598,SL,2025-12-05,324.4165,-3.876592592592598,15,False
RPTECH,2025-11-18,337.4,332.5,332.5,1.473684210526316,322.525,388.00999999999993,-4.408713692946053,SL,2025-12-08,322.525,-4.408713692946053,14,False
RPTECH,2025-12-31,358.95,352.0,352.0,1.974431818181821,341.44,412.79249999999996,-4.878116729349491,SL,2026-01-21,341.44,-4.878116729349491,14,False
RPTECH,2026-01-30,359.0,353.65,353.65,1.5127951364343417,343.04049999999995,412.84999999999997,-4.445543175487476,SL,2026-02-25,343.04049999999995,-4.445543175487476,19,False
RPTECH,2026-03-20,342.35,341.0,341.0,0.3958944281525101,330.77,393.7025,-3.3825032861107163,TARGET,2026-04-10,393.7025,14.999999999999991,12,False
RPTECH,2026-04-27,472.3,461.0,461.0,2.451193058568335,447.17,543.145,-5.320770696591149,SL,2026-04-30,447.17,-5.320770696591149,3,False
RPTECH,2026-05-07,511.95,503.0,503.0,1.7793240556660095,487.90999999999997,588.7425,-4.695771071393695,TARGET,2026-06-16,588.7425,14.999999999999991,27,False
RPTECH,2026-06-01,555.55,545.0,545.0,1.9357798165137607,528.65,638.8824999999999,-4.842048420484202,SL,2026-06-10,528.65,-4.842048420484202,7,False
RPTECH,2026-08-21,876.9,856.2,856.2,2.4176594253678907,830.514,1008.435,-5.289770783441661,OPEN,2026-08-21,876.9,0.0,0,False
SAMMAANCAP,2025-11-03,189.93,188.0,188.0,1.0265957446808471,182.35999999999999,218.4195,-3.985678934344239,SL,2025-11-07,182.35999999999999,-3.985678934344239,3,False
SAMMAANCAP,2025-12-12,149.49,145.5,145.5,2.742268041237117,141.135,171.9135,-5.5890026088701745,SL,2025-12-18,141.135,-5.5890026088701745,4,False
SAMMAANCAP,2026-02-09,149.14,146.37,146.37,1.8924643027942833,141.9789,171.51099999999997,-4.801595816011783,SL,2026-03-04,141.9789,-4.801595816011783,16,False
SAMMAANCAP,2026-03-18,141.21,140.0,140.0,0.8642857142857174,135.79999999999998,162.3915,-3.8311734296438082,SL,2026-03-23,135.79999999999998,-3.8311734296438082,3,False
SAMMAANCAP,2026-05-29,177.01,174.0,174.0,1.7298850574712699,168.78,203.56149999999997,-4.649454833060274,SL,2026-06-11,168.78,-4.649454833060274,9,False
SAMMAANCAP,2026-07-10,166.46,163.0,163.0,2.1226993865030686,158.10999999999999,191.429,-5.016220112940061,SL,2026-07-23,158.10999999999999,-5.016220112940061,9,False
SANDHAR,2025-12-30,550.3,541.6,541.6,1.6063515509600945,525.352,632.8449999999999,-4.533527166999818,SL,2026-01-20,525.352,-4.533527166999818,14,False
SANDHAR,2026-01-22,525.95,512.05,512.05,2.7145786544283013,496.6884999999999,604.8425,-5.563551668409572,SL,2026-01-23,496.6884999999999,-5.563551668409572,1,False
SANDHAR,2026-01-30,489.3,476.3,476.3,2.7293722443837876,462.011,562.6949999999999,-5.577151032086647,TARGET,2026-02-10,562.6949999999999,14.999999999999991,8,False
SANDHAR,2026-05-04,507.4,496.0,496.0,2.2983870967741904,481.12,583.5099999999999,-5.179345683878589,TARGET,2026-05-21,583.5099999999999,14.999999999999991,13,False
SANDHAR,2026-05-15,508.45,506.0,506.0,0.48418972332016086,490.82,584.7175,-3.4674009243780057,TARGET,2026-05-21,584.7175,14.999999999999991,4,False
SANDHAR,2026-06-09,708.9,694.0,694.0,2.146974063400564,673.18,815.2349999999999,-5.038792495415434,SL,2026-06-24,673.18,-5.038792495415434,11,False
SANDHAR,2026-06-22,712.5,707.95,707.95,0.642700755703074,686.7115,819.3749999999999,-3.6194385964912312,SL,2026-06-24,686.7115,-3.6194385964912312,2,False
SANDHAR,2026-06-25,683.95,676.3,676.3,1.1311548129528504,656.011,786.5425,-4.084947730097244,SL,2026-07-13,656.011,-4.084947730097244,11,False
SANDHAR,2026-08-05,654.75,645.0,645.0,1.5116279069767424,625.65,752.9625,-4.444444444444451,SL,2026-08-11,625.65,-4.444444444444451,4,False
SANDHAR,2026-08-07,666.65,655.0,655.0,1.778625954198465,635.35,766.6474999999999,-4.6951173779344435,SL,2026-08-11,635.35,-4.6951173779344435,2,False
SAREGAMA,2025-09-02,491.9,484.1,484.1,1.6112373476554254,469.577,565.685,-4.5381175035576256,SL,2025-09-26,469.577,-4.5381175035576256,18,False
SAREGAMA,2025-11-12,407.8,405.05,405.05,0.678928527342304,392.8985,468.96999999999997,-3.654119666503186,SL,2025-11-19,392.8985,-3.654119666503186,5,False
SAREGAMA,2025-11-26,380.4,370.0,370.0,2.8108108108108043,358.9,437.4599999999999,-5.6519453207150345,SL,2025-12-08,358.9,-5.6519453207150345,8,False
SAREGAMA,2025-12-10,367.5,357.1,357.1,2.912349481937837,346.387,422.62499999999994,-5.745034013605443,SL,2025-12-19,346.387,-5.745034013605443,7,False
SAREGAMA,2026-01-28,333.3,323.65,323.65,2.9816159431484746,313.9405,383.29499999999996,-5.808430843084311,SL,2026-03-09,312.15,-6.345634563456359,28,False
SAREGAMA,2026-03-02,328.8,320.0,320.0,2.750000000000008,310.4,378.12,-5.596107055961086,SL,2026-03-09,310.4,-5.596107055961086,4,False
SAREGAMA,2026-08-20,520.2,508.55,508.55,2.290826860682338,493.2935,598.23,-5.172337562475981,OPEN,2026-08-21,506.55,-2.623990772779705,1,False
SHILCTECH,2025-12-19,3939.1,3870.1,3870.1,1.782899666675286,3753.997,4529.964999999999,-4.699119088116577,SL,2026-01-06,3753.997,-4.699119088116577,11,False
SHILCTECH,2025-12-31,3827.0,3800.1,3800.1,0.7078761085234531,3686.0969999999998,4401.049999999999,-3.6818134308858164,SL,2026-01-08,3686.0969999999998,-3.6818134308858164,6,False
SHILCTECH,2026-01-02,3837.5,3811.3,3811.3,0.6874294860021557,3696.9610000000002,4413.125,-3.6622540716612306,SL,2026-01-08,3696.9610000000002,-3.6622540716612306,4,False
SHILCTECH,2026-02-26,3874.7,3771.4,3771.4,2.7390359017871235,3658.258,4455.905,-5.586032467029711,SL,2026-03-09,3658.258,-5.586032467029711,6,False
SHILCTECH,2026-03-20,3977.3,3900.0,3900.0,1.9820512820512892,3783.0,4573.8949999999995,-4.885223644180725,SL,2026-03-23,3783.0,-4.885223644180725,1,False
SHILCTECH,2026-06-30,4571.8,4464.3,4464.3,2.4079922944246546,4330.371,5257.57,-5.28083030753751,SL,2026-07-07,4330.371,-5.28083030753751,5,False
SHILCTECH,2026-08-03,4682.5,4582.0,4582.0,2.193365342645137,4444.54,5384.875,-5.081900694073682,SL,2026-08-12,3972.0,-15.173518419647625,7,False
SHILCTECH,2026-08-18,3944.0,3861.0,3861.0,2.1497021497021596,3745.17,4535.599999999999,-5.041328600405681,OPEN,2026-08-21,3883.1,-1.5441176470588291,3,False
SKIPPER,2026-06-09,544.55,537.95,537.95,1.2268798215447463,521.8115,626.2324999999998,-4.175649618951416,SL,2026-06-11,521.8115,-4.175649618951416,2,False
SKIPPER,2026-06-22,548.15,545.8,545.8,0.4305606449248822,529.4259999999999,630.3725,-3.415853324819862,SL,2026-06-25,529.4259999999999,-3.415853324819862,3,False
SKIPPER,2026-07-09,548.05,534.0,534.0,2.631086142322081,517.98,630.2574999999999,-5.486725663716808,SL,2026-07-27,517.98,-5.486725663716808,12,False
SKYGOLD,2025-09-19,293.0,286.1,286.1,2.4117441454037047,277.517,336.95,-5.284300341296932,SL,2025-09-25,277.517,-5.284300341296932,4,False
SKYGOLD,2025-10-17,334.1,327.0,327.0,2.1712538226299705,317.19,384.215,-5.061358874588451,SL,2025-12-09,317.19,-5.061358874588451,35,False
SKYGOLD,2025-10-21,362.45,355.0,355.0,2.0985915492957696,344.34999999999997,416.81749999999994,-4.993792247206519,SL,2025-10-23,344.34999999999997,-4.993792247206519,1,False
SKYGOLD,2025-11-12,353.0,347.9,347.9,1.4659384880712834,337.46299999999997,405.95,-4.401416430594907,SL,2025-11-13,337.46299999999997,-4.401416430594907,1,False
SKYGOLD,2026-03-06,338.85,330.1,330.1,2.650711905483183,320.197,389.6775,-5.504795632285675,SL,2026-03-24,320.197,-5.504795632285675,12,False
SKYGOLD,2026-06-12,508.95,495.95,495.95,2.6212319790301475,481.07149999999996,585.2924999999999,-5.477650063856965,TARGET,2026-07-03,585.2924999999999,14.999999999999991,14,False
SKYGOLD,2026-07-15,629.8,622.0,622.0,1.2540192926044913,603.34,724.2699999999999,-4.20133375674816,SL,2026-07-17,603.34,-4.20133375674816,2,False
SUZLON,2025-12-12,53.02,52.5,52.5,0.9904761904761861,50.925,60.973,-3.9513391173142343,SL,2026-01-08,50.925,-3.9513391173142343,18,False
THANGAMAYL,2025-08-26,2224.0,2167.0,2167.0,2.6303645592985703,2101.99,2557.6,-5.486061151079147,SL,2025-09-22,2101.99,-5.486061151079147,18,False
THANGAMAYL,2025-10-21,1973.8,1967.0,1967.0,0.34570411794609957,1907.99,2269.87,-3.33417772823994,TARGET,2025-11-03,2269.87,14.999999999999991,8,False
THANGAMAYL,2025-10-28,2084.4,2036.3,2036.3,2.3621273879094407,1975.211,2397.06,-5.238389944348498,TARGET,2025-11-03,2397.06,14.999999999999991,4,False
THANGAMAYL,2026-02-02,3218.9,3173.8,3173.8,1.421009515407401,3078.5860000000002,3701.7349999999997,-4.359066761937303,TARGET,2026-02-09,3701.7349999999997,14.999999999999991,5,False
THANGAMAYL,2026-05-06,4083.2,3980.1,3980.1,2.5903871762015918,3860.6969999999997,4695.679999999999,-5.449230995297805,SL,2026-05-11,3860.6969999999997,-5.449230995297805,3,False
THANGAMAYL,2026-08-04,4717.5,4717.5,4717.5,0.0,4575.974999999999,5425.125,-3.0000000000000138,TARGET,2026-08-10,5425.125,14.999999999999991,4,False
VARROC,2025-12-19,635.0,628.0,628.0,1.1146496815286566,609.16,730.25,-4.069291338582682,SL,2025-12-26,609.16,-4.069291338582682,4,False
VARROC,2026-03-02,525.25,511.15,511.15,2.7584857673872643,495.8155,604.0374999999999,-5.603902903379343,SL,2026-03-09,495.8155,-5.603902903379343,4,False
VARROC,2026-03-10,497.95,487.8,487.8,2.0807708077080767,473.166,572.6424999999999,-4.97720654684205,SL,2026-03-13,473.166,-4.97720654684205,3,False
VARROC,2026-04-09,499.7,493.3,493.3,1.2973849584431374,478.501,574.655,-4.242345407244352,TARGET,2026-05-25,574.655,14.999999999999991,30,False
VARROC,2026-04-22,533.8,527.0,527.0,1.2903225806451424,511.19,613.8699999999999,-4.23566878980891,SL,2026-04-23,511.19,-4.23566878980891,1,False
VARROC,2026-05-20,557.9,553.0,553.0,0.8860759493670933,536.41,641.5849999999999,-3.8519447929736494,TARGET,2026-06-30,641.5849999999999,14.999999999999991,27,False
VARROC,2026-05-25,581.85,565.0,565.0,2.9823008849557464,548.05,669.1274999999999,-5.809057317177979,TARGET,2026-07-03,669.1274999999999,14.999999999999991,27,False
VARROC,2026-07-09,659.4,641.75,641.75,2.7502921698480787,622.4975,758.31,-5.596375492872319,TARGET,2026-08-07,758.31,14.999999999999991,21,False
VARROC,2026-08-13,841.95,836.0,836.0,0.71172248803828,810.92,968.2425,-3.6854920125898305,SL,2026-08-21,810.92,-3.6854920125898305,6,False
VINCOFE,2025-09-15,150.87,148.5,148.5,1.5959595959595951,144.045,173.5005,-4.523762179359725,SL,2025-10-08,144.045,-4.523762179359725,16,False
VINCOFE,2025-12-23,159.69,156.64,156.64,1.9471399387129829,151.9408,183.6435,-4.852652013275726,SL,2025-12-29,151.9408,-4.852652013275726,3,False
VINCOFE,2026-02-20,143.79,142.0,142.0,1.2605633802816874,137.74,165.3585,-4.207524862646905,SL,2026-03-04,137.74,-4.207524862646905,7,False
VINCOFE,2026-02-26,149.78,147.84,147.84,1.3122294372294396,143.4048,172.24699999999999,-4.256376018159969,SL,2026-03-02,140.0,-6.529576712511687,2,False
VINCOFE,2026-03-02,142.7,140.0,140.0,1.9285714285714128,135.79999999999998,164.10499999999996,-4.835318850735815,SL,2026-03-04,135.79999999999998,-4.835318850735815,1,False
VINCOFE,2026-03-17,123.15,122.01,122.01,0.9343496434718546,118.3497,141.6225,-3.897929354445806,TARGET,2026-04-08,141.6225,14.999999999999991,13,False
VINCOFE,2026-06-08,150.02,145.9,145.9,2.823851953392742,141.523,172.523,-5.663911478469541,OPEN,2026-08-21,161.55,7.685641914411412,53,False
VINCOFE,2026-06-09,152.79,150.39,150.39,1.595850787951325,145.8783,175.7085,-4.523659925387779,SL,2026-06-30,145.8783,-4.523659925387779,14,False
VOGL,2026-06-16,34.3,34.3,34.3,0.0,33.270999999999994,39.44499999999999,-3.0000000000000138,SL,2026-06-17,32.59,-4.985422740524759,1,False
VOGL,2026-06-17,32.59,32.59,32.59,0.0,31.6123,37.478500000000004,-3.0000000000000027,SL,2026-06-18,31.6123,-3.0000000000000027,1,False
WELCORP,2025-10-03,864.15,852.7,852.7,1.3427934795355867,827.119,993.7724999999999,-4.285251403112877,SL,2025-10-14,827.119,-4.285251403112877,7,False
WELCORP,2026-01-02,806.35,800.0,800.0,0.7937499999999931,776.0,927.3025,-3.7638742481552745,SL,2026-01-08,776.0,-3.7638742481552745,4,False
WELCORP,2026-02-26,824.9,801.6,801.6,2.906686626746491,777.552,948.6349999999999,-5.739847254212627,SL,2026-03-02,777.552,-5.739847254212627,2,False
WELCORP,2026-03-10,811.3,790.95,790.95,2.572855427018128,767.2215,932.9949999999999,-5.433070380870209,SL,2026-03-23,767.2215,-5.433070380870209,9,False
WELCORP,2026-05-25,1297.6,1284.9,1284.9,0.9884037668300927,1246.353,1492.2399999999998,-3.9493680641183637,TARGET,2026-06-29,1492.2399999999998,14.999999999999991,23,False
WELCORP,2026-06-24,1406.0,1400.0,1400.0,0.4285714285714226,1358.0,1616.8999999999999,-3.4139402560455223,TARGET,2026-07-09,1616.8999999999999,14.999999999999991,10,False
WELCORP,2026-08-13,1883.9,1869.6,1869.6,0.7648694908001907,1813.512,2166.485,-3.736291735230113,TARGET,2026-08-21,2175.0,15.451987897446774,6,False
WSTCSTPAPR,2025-09-17,489.0,487.7,487.7,0.2665573098216134,473.06899999999996,562.3499999999999,-3.2578732106339547,SL,2025-09-23,473.06899999999996,-3.2578732106339547,4,False
WSTCSTPAPR,2025-10-21,462.9,453.8,453.8,2.005288673424399,440.186,532.3349999999999,-4.906891337221864,SL,2025-11-11,440.186,-4.906891337221864,13,False
WSTCSTPAPR,2025-12-10,406.6,402.5,402.5,1.018633540372682,390.425,467.59,-3.978111165764886,SL,2026-01-12,390.425,-3.978111165764886,22,False
WSTCSTPAPR,2025-12-12,408.2,404.0,404.0,1.0396039603960405,391.88,469.42999999999995,-3.998040176384121,SL,2026-01-12,391.88,-3.998040176384121,20,False
WSTCSTPAPR,2025-12-29,425.6,415.55,415.55,2.418481530501748,403.0835,489.44,-5.290531015037592,SL,2026-01-08,403.0835,-5.290531015037592,8,False
WSTCSTPAPR,2025-12-31,412.35,408.2,408.2,1.016658500734935,395.95399999999995,474.2025,-3.976233781981342,SL,2026-01-12,395.95399999999995,-3.976233781981342,8,False
WSTCSTPAPR,2026-01-02,419.9,412.1,412.1,1.8927444794952564,399.737,482.88499999999993,-4.801857585139313,SL,2026-01-12,399.737,-4.801857585139313,6,False
WSTCSTPAPR,2026-01-07,415.8,406.35,406.35,2.3255813953488413,394.15950000000004,478.16999999999996,-5.204545454545451,SL,2026-01-12,394.15950000000004,-5.204545454545451,3,False
WSTCSTPAPR,2026-01-14,414.75,409.35,409.35,1.3191645291315446,397.0695,476.9625,-4.262929475587707,SL,2026-01-20,397.0695,-4.262929475587707,3,False
WSTCSTPAPR,2026-01-19,410.15,401.0,401.0,2.28179551122194,388.96999999999997,471.67249999999996,-5.163964403267096,SL,2026-01-21,388.0,-5.400463245154208,2,False
WSTCSTPAPR,2026-02-26,419.85,409.0,409.0,2.6528117359413184,396.72999999999996,482.8275,-5.506728593545329,SL,2026-03-04,396.72999999999996,-5.506728593545329,3,False
WSTCSTPAPR,2026-02-27,421.55,415.0,415.0,1.5783132530120536,402.55,484.78249999999997,-4.507175898469928,SL,2026-03-02,402.55,-4.507175898469928,1,False
WSTCSTPAPR,2026-03-10,390.7,382.0,382.0,2.2774869109947637,370.53999999999996,449.30499999999995,-5.159969285897114,TARGET,2026-04-08,454.0,16.20168927565908,18,False
WSTCSTPAPR,2026-05-19,475.9,470.95,470.95,1.0510669922497051,456.82149999999996,547.285,-4.0089304475730225,TARGET,2026-06-30,547.285,14.999999999999991,28,False
WSTCSTPAPR,2026-05-20,476.7,467.05,467.05,2.066159940049239,453.0385,548.2049999999999,-4.963603943780148,TARGET,2026-06-30,548.2049999999999,14.999999999999991,27,False
WSTCSTPAPR,2026-07-21,519.65,516.0,516.0,0.7073643410852704,500.52,597.5975,-3.6813239680554166,TARGET,2026-08-07,597.5975,14.999999999999991,13,False
