row,label,block,old,new
98,NPV,Vizag transmission (Khammn - Nagarjunasagar) -,=SUM(G98:AT98),=SUM(G98:BB98)
100,IRR,Vizag transmission (Khammn - Nagarjunasagar) -,=IRR(G96:AT96),=IRR(G96:BB96)
153,NPV,=TBCBsum!$B$88,=SUM(G153:AT153),=SUM(G153:BB153)
155,IRR,=TBCBsum!$B$88,=IRR(G151:AT151),=IRR(G151:BB151)
210,NPV,Unchahar transmission,=SUM(G210:AT210),=SUM(G210:BB210)
212,IRR,Unchahar transmission,=IRR(G208:AT208),=IRR(G208:BB208)
270,NPV,Gadarwara A and B,=SUM(G270:AV270),=SUM(G270:BB270)
272,IRR,Gadarwara A and B,=IRR(G268:AV268),=IRR(G268:BB268)
326,NPV,Kala Amb - Monetised,=SUM(G326:AT326),=SUM(G326:BB326)
328,IRR,Kala Amb - Monetised,=IRR(G324:AT324),=IRR(G324:BB324)
382,NPV,Vindhyachal-Jabalpur - Monetised,=SUM(H382:AV382),=SUM(H382:BB382)
384,IRR,Vindhyachal-Jabalpur - Monetised,=IRR(H380:AU380),=IRR(H380:BB380)
438,NPV,Powergrid Southern Interconnector Transmission,=SUM(H438:AT438),=SUM(H438:BB438)
440,IRR,Powergrid Southern Interconnector Transmission,=IRR(H436:AT436),=IRR(H436:BB436)
494,NPV,Medinipur-Jeerat,=SUM(I494:AV494),=SUM(I494:BB494)
496,IRR,Medinipur-Jeerat,=IRR(I492:AV492),=IRR(I492:BB492)
550,NPV,ERSS-XXI (Mithilanchal),=SUM(J550:AX550),=SUM(J550:BB550)
552,IRR,ERSS-XXI (Mithilanchal),=IRR(J548:AZ548),=IRR(J548:BB548)
606,NPV,Varanasi Transmission System Limited,=SUM(J606:AY606),=SUM(J606:BB606)
608,IRR,Varanasi Transmission System Limited,=IRR(J604:AY604),=IRR(J604:BB604)
662,NPV,Meerut-Simbhavali Transmission,=SUM(L662:AY662),=SUM(L662:BB662)
664,IRR,Meerut-Simbhavali Transmission,=IRR(L660:AY660),=IRR(L660:BB660)
718,NPV,Rampur Sambhal Transco (RSTL),=SUM(L718:AY718),=SUM(L718:BB718)
720,IRR,Rampur Sambhal Transco (RSTL),=IRR(L716:AX716),=IRR(L716:BB716)
774,NPV,=TBCBsum!$B$104,=SUM(L774:AX774),=SUM(L774:BB774)
776,IRR,=TBCBsum!$B$104,=IRR(L772:AZ772),=IRR(L772:BB772)
830,NPV,Bhuj Transmission,=SUM(L830:AY830),=SUM(L830:BB830)
832,IRR,Bhuj Transmission,=IRR(L828:AZ828),=IRR(L828:BB828)
886,NPV,Ajmer Phagi,=SUM(L886:AX886),=SUM(L886:BB886)
888,IRR,Ajmer Phagi,=IRR(L884:AZ884),=IRR(L884:BB884)
942,NPV,Bhind Guna Trans.,=SUM(K942:AY942),=SUM(K942:BB942)
944,IRR,Bhind Guna Trans.,=IRR(K940:AY940),=IRR(K940:BB940)
998,NPV,Khetri Transco,=SUM(L998:AX998),=SUM(L998:BB998)
1000,IRR,Khetri Transco,=IRR(L996:AZ996),=IRR(L996:BB996)
1054,NPV,Jawaharpur Firozabad,=SUM(K1054:AX1054),=SUM(K1054:BB1054)
1056,IRR,Jawaharpur Firozabad,=IRR(K1052:AX1052),=IRR(K1052:BB1052)
1110,NPV,=TBCBsum!B108,=SUM(K1110:AX1110),=SUM(K1110:BB1110)
1112,IRR,=TBCBsum!B108,"=IFERROR(IRR(M1108:AZ1108),0)","=IFERROR(IRR(M1108:BB1108),0)"
1166,NPV,=TBCBsum!B109,=SUM(M1166:BA1166),=SUM(M1166:BB1166)
1168,IRR,=TBCBsum!B109,=IRR(M1164:BA1164),=IRR(M1164:BB1164)
1222,NPV,=TBCBsum!B110,=SUM(K1222:AZ1222),=SUM(K1222:BB1222)
1278,NPV,Powergrid Bikaner Transmission System Limited,=SUM(M1278:AX1278),=SUM(M1278:BB1278)
1280,IRR,Powergrid Bikaner Transmission System Limited,=IRR(M1276:BA1276),=IRR(M1276:BB1276)
1334,NPV,=TBCBsum!B111,=SUM(M1334:BA1334),=SUM(M1334:BB1334)
1336,IRR,=TBCBsum!B111,=IRR(M1332:BA1332),=IRR(M1332:BB1332)
1390,NPV,=TBCBsum!B112,=SUM(K1390:AZ1390),=SUM(K1390:BB1390)
1392,IRR,=TBCBsum!B112,=IRR(K1388:AZ1388),=IRR(K1388:BB1388)
1502,NPV,Powergrid Himachal Transmission,=SUM(K1502:AX1502),=SUM(K1502:BB1502)
1614,NPV,Powergrid Gomti Yamuna Transmission Limited,=SUM(O1614:AY1614),=SUM(O1614:BB1614)
1616,IRR,Powergrid Gomti Yamuna Transmission Limited,=IRR(O1612:AY1612),=IRR(O1612:BB1612)
1670,NPV,Powergrid ER-NER Transmission Limited,=SUM(S1670:BA1670),=SUM(S1670:BB1670)
1672,IRR,Powergrid ER-NER Transmission Limited,=IRR(P1668:BA1668),=IRR(P1668:BB1668)
2118,NPV,Powergrid Khavda II C Transmission Limited,=SUM(P2118:AZ2118),=SUM(P2118:BB2118)
2120,IRR,Powergrid Khavda II C Transmission Limited,=+IRR(O2116:AZ2116),=+IRR(O2116:BB2116)
2342,NPV,Powergrid Neemuch Tranmission Limited,=SUM(O2342:AX2342),=SUM(O2342:BB2342)
2344,IRR,Powergrid Neemuch Tranmission Limited,=IRR(O2340:AZ2340),=IRR(O2340:BB2340)
2679,NPV,POWERGRID VATAMAN TRANSMISSION LIMITED,=SUM(O2679:AX2679),=SUM(O2679:BB2679)
2681,IRR,POWERGRID VATAMAN TRANSMISSION LIMITED,"=IFERROR(IRR(O2677:BA2677),0)","=IFERROR(IRR(O2677:BB2677),0)"
