sheet,cell,old,new,why
TBCB,P2101,None,54.927,FY2024 restated to filed merged balance sheet (13 SPVs)
TBCB,P2104,9774.029,25909.796,FY2024 restated to filed merged balance sheet (13 SPVs)
TBCB,P2098,8981.084,22177.058,FY2024 restated to filed merged balance sheet (13 SPVs)
TBCB,P2093,0.5,568.179,FY2024 restated to filed merged balance sheet (13 SPVs)
TBCB,P2094,-0.108,-126.156,FY2024 restated to filed merged balance sheet (13 SPVs)
TBCB,P2080,=P2077+P2079,0.0,FY2024 restated to filed merged balance sheet (13 SPVs)
TBCB,Q2101,1169.083,6327.905,FY2025 restated to filed merged balance sheet (13 SPVs)
TBCB,Q2104,21150.404,98739.607,FY2025 restated to filed merged balance sheet (13 SPVs)
TBCB,Q2098,17822.441,79852.213,FY2025 restated to filed merged balance sheet (13 SPVs)
TBCB,Q2093,1985.717,11767.235,FY2025 restated to filed merged balance sheet (13 SPVs)
TBCB,Q2094,-25.566,-311.953,FY2025 restated to filed merged balance sheet (13 SPVs)
TBCB,Q2080,0,5.096,FY2025 restated to filed merged balance sheet (13 SPVs)
TBCB,R2101,18005.736,101158.375,FY2026 restated to filed merged balance sheet (13 SPVs)
TBCB,R2104,78622.123,78622.123,FY2026 restated to filed merged balance sheet (13 SPVs)
TBCB,R2098,129887.025,129887.025,FY2026 restated to filed merged balance sheet (13 SPVs)
TBCB,R2093,29352.503,29352.503,FY2026 restated to filed merged balance sheet (13 SPVs)
TBCB,R2094,160.609,160.609,FY2026 restated to filed merged balance sheet (13 SPVs)
TBCB,R2080,3086.675,3086.675,FY2026 restated to filed merged balance sheet (13 SPVs)
TBCB,BD2064:BG2079,,13-row tariff build-up linked to TBCBsum,"merged tariff source, no hard-coding"
TBCB,C2067,=TBCBsum!D122,189306.863,"Project cost = Khavda II-C 28,104 (CEA) + 12 transferors 161,203"
TBCB,C2068,=+C2067*0.8,151445.4904,Debt assumption = 80% of merged project cost
TBCB,C2069,=R2093,31418.4,"Equity = FY26 actual 29,513 + 20% of remaining capex 9,526"
TBCB,S2101,=$C2067,156596.693,"Gross block FY27 = 9 assets operational at FY26 + Koppal Gadag, Bidar, Ananthpuram"
TBCB,S2104,=0,29537.507000000012,CWIP FY27 = spend to date on Neemrana Bareilly (COD FY28)
TBCB,S2093,=C2069,30783.9,Equity FY27 = FY26 actual + 20% of FY27 capex
TBCB,S2079,=$F$2076*S2068,16660.212,FY27 punched - part year
TBCB,T2079,=$F$2076*T2068,=$BG$2079,Linked to merged tariff build-up - all 13 operational
TBCB,U2079,=$F$2076*U2068,=$BG$2079,Linked to merged tariff build-up - all 13 operational
TBCB,V2079,=$F$2076*V2068,=$BG$2079,Linked to merged tariff build-up - all 13 operational
TBCB,W2079,=$F$2076*W2068,=$BG$2079,Linked to merged tariff build-up - all 13 operational
TBCB,X2079,=$F$2076*X2068,=$BG$2079,Linked to merged tariff build-up - all 13 operational
TBCB,Y2079,=$F$2076*Y2068,=$BG$2079,Linked to merged tariff build-up - all 13 operational
TBCB,Z2079,=$F$2076*Z2068,=$BG$2079,Linked to merged tariff build-up - all 13 operational
TBCB,AA2079,=$F$2076*AA2068,=$BG$2079,Linked to merged tariff build-up - all 13 operational
TBCB,AB2079,=$F$2076*AB2068,=$BG$2079,Linked to merged tariff build-up - all 13 operational
TBCB,AC2079,=$F$2076*AC2068,=$BG$2079,Linked to merged tariff build-up - all 13 operational
TBCB,AD2079,=$F$2076*AD2068,=$BG$2079,Linked to merged tariff build-up - all 13 operational
TBCB,AE2079,=$F$2076*AE2068,=$BG$2079,Linked to merged tariff build-up - all 13 operational
TBCB,AF2079,=$F$2076*AF2068,=$BG$2079,Linked to merged tariff build-up - all 13 operational
TBCB,AG2079,=$F$2076*AG2068,=$BG$2079,Linked to merged tariff build-up - all 13 operational
TBCB,AH2079,=$F$2076*AH2068,=$BG$2079,Linked to merged tariff build-up - all 13 operational
TBCB,AI2079,=$F$2076*AI2068,=$BG$2079,Linked to merged tariff build-up - all 13 operational
TBCB,AJ2079,=$F$2076*AJ2068,=$BG$2079,Linked to merged tariff build-up - all 13 operational
TBCB,AK2079,=$F$2076*AK2068,=$BG$2079,Linked to merged tariff build-up - all 13 operational
TBCB,AL2079,=$F$2076*AL2068,=$BG$2079,Linked to merged tariff build-up - all 13 operational
TBCB,AM2079,=$F$2076*AM2068,=$BG$2079,Linked to merged tariff build-up - all 13 operational
TBCB,AN2079,=$F$2076*AN2068,=$BG$2079,Linked to merged tariff build-up - all 13 operational
TBCB,AO2079,=$F$2076*AO2068,=$BG$2079,Linked to merged tariff build-up - all 13 operational
TBCB,AP2079,=$F$2076*AP2068,=$BG$2079,Linked to merged tariff build-up - all 13 operational
TBCB,AQ2079,=$F$2076*AQ2068,=$BG$2079,Linked to merged tariff build-up - all 13 operational
TBCB,AR2079,=$F$2076*AR2068,=$BG$2079,Linked to merged tariff build-up - all 13 operational
TBCB,AS2079,=$F$2076*AS2068,=$BG$2079,Linked to merged tariff build-up - all 13 operational
TBCB,AT2079,=$F$2076*AT2068,=$BG$2079,Linked to merged tariff build-up - all 13 operational
TBCB,AU2079,=$F$2076*AU2068,=$BG$2079,Linked to merged tariff build-up - all 13 operational
TBCB,AV2079,=$F$2076*AV2068,=$BG$2079,Linked to merged tariff build-up - all 13 operational
TBCB,AW2079,=$F$2076*AW2068,=$BG$2079,Linked to merged tariff build-up - all 13 operational
TBCB,AX2079,=$F$2076*AX2068,=$BG$2079,Linked to merged tariff build-up - all 13 operational
TBCB,AY2079,=$F$2076*AY2068,=$BG$2079,Linked to merged tariff build-up - all 13 operational
TBCB,AZ2079,=$F$2076*AZ2068,=$BG$2079,Linked to merged tariff build-up - all 13 operational
TBCB,BA2079,None,=$BG$2079,Linked to merged tariff build-up - all 13 operational
TBCB,BB2079,None,=$BG$2079,Linked to merged tariff build-up - all 13 operational
TBCB,S2098,=S2096-S2097,=S2096-S2097+0.8*(S2101+S2104-R2101-R2104),Closing debt FY27 = opening - repayment + 80% of capex
TBCB,T2098,=T2096-T2097,=T2096-T2097+0.8*(T2101+T2104-S2101-S2104),Closing debt FY28 = opening - repayment + 80% of capex
TBCB,H1674,,Merged into POWERGRID Khavda II-C Transmission Ltd w.e.f. 01-Apr-2024 (MCA order 27-Jan-2026),Powergrid Dharamjaigarh Transmission Limited
TBCB,H1730,,Merged into POWERGRID Khavda II-C Transmission Ltd w.e.f. 01-Apr-2024 (MCA order 27-Jan-2026),Powergrid Khavda II B Transmission Limited
TBCB,H1786,,Merged into POWERGRID Khavda II-C Transmission Ltd w.e.f. 01-Apr-2024 (MCA order 27-Jan-2026),Powegrid ERWR Power Tranmission Limited
TBCB,H1842,,Merged into POWERGRID Khavda II-C Transmission Ltd w.e.f. 01-Apr-2024 (MCA order 27-Jan-2026),Powergrid KPS3 Tranmission Limited
TBCB,H1954,,Merged into POWERGRID Khavda II-C Transmission Ltd w.e.f. 01-Apr-2024 (MCA order 27-Jan-2026),Powergrid KPS2 Tranmission Limited
TBCB,H2010,,Merged into POWERGRID Khavda II-C Transmission Ltd w.e.f. 01-Apr-2024 (MCA order 27-Jan-2026),Powergrid Raipur Pool Dhamtari Station Limited
TBCB,H2178,,Merged into POWERGRID Khavda II-C Transmission Ltd w.e.f. 01-Apr-2024 (MCA order 27-Jan-2026),Powergrid Khavda RE Transmission Limited
TBCB,H2234,,Merged into POWERGRID Khavda II-C Transmission Ltd w.e.f. 01-Apr-2024 (MCA order 27-Jan-2026),Powergrid Bhadla Sikar
TBCB,H2458,,Merged into POWERGRID Khavda II-C Transmission Ltd w.e.f. 01-Apr-2024 (MCA order 27-Jan-2026),POWERGRID KOPPAL GADAG TRANSMISSION LIMITED
TBCB,H2683,,Merged into POWERGRID Khavda II-C Transmission Ltd w.e.f. 01-Apr-2024 (MCA order 27-Jan-2026),POWERGRID BIDAR TRANSMISSION LIMITED
TBCB,H2740,,Merged into POWERGRID Khavda II-C Transmission Ltd w.e.f. 01-Apr-2024 (MCA order 27-Jan-2026),POWERGRID ANANTHPURAM KURNOOL
TBCB,H4028,,Merged into POWERGRID Khavda II-C Transmission Ltd w.e.f. 01-Apr-2024 (MCA order 27-Jan-2026),POWERGRID Neemrana Bareilly Transmission Ltd
TBCBsum,AU116,,Merged into POWERGRID Khavda II-C Transmission Ltd w.e.f. 01-Apr-2024 (MCA order 27-Jan-2026),merged SPV
TBCBsum,AU117,,Merged into POWERGRID Khavda II-C Transmission Ltd w.e.f. 01-Apr-2024 (MCA order 27-Jan-2026),merged SPV
TBCBsum,AU118,,Merged into POWERGRID Khavda II-C Transmission Ltd w.e.f. 01-Apr-2024 (MCA order 27-Jan-2026),merged SPV
TBCBsum,AU119,,Merged into POWERGRID Khavda II-C Transmission Ltd w.e.f. 01-Apr-2024 (MCA order 27-Jan-2026),merged SPV
TBCBsum,AU120,,Merged into POWERGRID Khavda II-C Transmission Ltd w.e.f. 01-Apr-2024 (MCA order 27-Jan-2026),merged SPV
TBCBsum,AU121,,Merged into POWERGRID Khavda II-C Transmission Ltd w.e.f. 01-Apr-2024 (MCA order 27-Jan-2026),merged SPV
TBCBsum,AU124,,Merged into POWERGRID Khavda II-C Transmission Ltd w.e.f. 01-Apr-2024 (MCA order 27-Jan-2026),merged SPV
TBCBsum,AU125,,Merged into POWERGRID Khavda II-C Transmission Ltd w.e.f. 01-Apr-2024 (MCA order 27-Jan-2026),merged SPV
TBCBsum,AU129,,Merged into POWERGRID Khavda II-C Transmission Ltd w.e.f. 01-Apr-2024 (MCA order 27-Jan-2026),merged SPV
TBCBsum,AU133,,Merged into POWERGRID Khavda II-C Transmission Ltd w.e.f. 01-Apr-2024 (MCA order 27-Jan-2026),merged SPV
TBCBsum,AU134,,Merged into POWERGRID Khavda II-C Transmission Ltd w.e.f. 01-Apr-2024 (MCA order 27-Jan-2026),merged SPV
TBCBsum,AU158,,Merged into POWERGRID Khavda II-C Transmission Ltd w.e.f. 01-Apr-2024 (MCA order 27-Jan-2026),merged SPV
Subsidaries,AM41,,Merged into POWERGRID Khavda II-C Transmission Ltd w.e.f. 01-Apr-2024 (MCA order 27-Jan-2026),Powergrid Dharamjaigarh Transmission Lim
Subsidaries,AM42,,Merged into POWERGRID Khavda II-C Transmission Ltd w.e.f. 01-Apr-2024 (MCA order 27-Jan-2026),Powergrid Khavda II B Transmission Limit
Subsidaries,AM43,,Merged into POWERGRID Khavda II-C Transmission Ltd w.e.f. 01-Apr-2024 (MCA order 27-Jan-2026),Powegrid ERWR Power Tranmission Limited
Subsidaries,AM44,,Merged into POWERGRID Khavda II-C Transmission Ltd w.e.f. 01-Apr-2024 (MCA order 27-Jan-2026),Powergrid KPS3 Tranmission Limited
Subsidaries,AM45,,Merged into POWERGRID Khavda II-C Transmission Ltd w.e.f. 01-Apr-2024 (MCA order 27-Jan-2026),Powergrid KPS2 Tranmission Limited
Subsidaries,AM46,,Merged into POWERGRID Khavda II-C Transmission Ltd w.e.f. 01-Apr-2024 (MCA order 27-Jan-2026),Powergrid Raipur Pool Dhamtari Station L
Subsidaries,AM49,,Merged into POWERGRID Khavda II-C Transmission Ltd w.e.f. 01-Apr-2024 (MCA order 27-Jan-2026),Powergrid Khavda RE Transmission Limited
Subsidaries,AM50,,Merged into POWERGRID Khavda II-C Transmission Ltd w.e.f. 01-Apr-2024 (MCA order 27-Jan-2026),Powergrid Bhadla Sikar
Subsidaries,AM54,,Merged into POWERGRID Khavda II-C Transmission Ltd w.e.f. 01-Apr-2024 (MCA order 27-Jan-2026),Powergrid Koppal Gadag Transmission Limi
Subsidaries,AM58,,Merged into POWERGRID Khavda II-C Transmission Ltd w.e.f. 01-Apr-2024 (MCA order 27-Jan-2026),Powergrid Bidar Transmission Limited
Subsidaries,AM59,,Merged into POWERGRID Khavda II-C Transmission Ltd w.e.f. 01-Apr-2024 (MCA order 27-Jan-2026),Powergrid Ananthpuram Kurnool
Subsidaries,AM82,,Merged into POWERGRID Khavda II-C Transmission Ltd w.e.f. 01-Apr-2024 (MCA order 27-Jan-2026),POWERGRID Neemrana Bareilly Transmission
Subsidaries,AM162,,Merged into POWERGRID Khavda II-C Transmission Ltd w.e.f. 01-Apr-2024 (MCA order 27-Jan-2026),Powergrid Dharamjaigarh Transmission Lim
Subsidaries,AM163,,Merged into POWERGRID Khavda II-C Transmission Ltd w.e.f. 01-Apr-2024 (MCA order 27-Jan-2026),Powergrid Khavda II B Transmission Limit
Subsidaries,AM164,,Merged into POWERGRID Khavda II-C Transmission Ltd w.e.f. 01-Apr-2024 (MCA order 27-Jan-2026),Powegrid ERWR Power Tranmission Limited
Subsidaries,AM165,,Merged into POWERGRID Khavda II-C Transmission Ltd w.e.f. 01-Apr-2024 (MCA order 27-Jan-2026),Powergrid KPS3 Tranmission Limited
Subsidaries,AM166,,Merged into POWERGRID Khavda II-C Transmission Ltd w.e.f. 01-Apr-2024 (MCA order 27-Jan-2026),Powergrid KPS2 Tranmission Limited
Subsidaries,AM167,,Merged into POWERGRID Khavda II-C Transmission Ltd w.e.f. 01-Apr-2024 (MCA order 27-Jan-2026),Powergrid Raipur Pool Dhamtari Station L
Subsidaries,AM170,,Merged into POWERGRID Khavda II-C Transmission Ltd w.e.f. 01-Apr-2024 (MCA order 27-Jan-2026),Powergrid Khavda RE Transmission Limited
Subsidaries,AM171,,Merged into POWERGRID Khavda II-C Transmission Ltd w.e.f. 01-Apr-2024 (MCA order 27-Jan-2026),Powergrid Bhadla Sikar
Subsidaries,AM175,,Merged into POWERGRID Khavda II-C Transmission Ltd w.e.f. 01-Apr-2024 (MCA order 27-Jan-2026),Powergrid Koppal Gadag Transmission Limi
Subsidaries,AM179,,Merged into POWERGRID Khavda II-C Transmission Ltd w.e.f. 01-Apr-2024 (MCA order 27-Jan-2026),Powergrid Bidar Transmission Limited
Subsidaries,AM180,,Merged into POWERGRID Khavda II-C Transmission Ltd w.e.f. 01-Apr-2024 (MCA order 27-Jan-2026),Powergrid Ananthpuram Kurnool
Subsidaries,AM208,,Merged into POWERGRID Khavda II-C Transmission Ltd w.e.f. 01-Apr-2024 (MCA order 27-Jan-2026),POWERGRID Neemrana Bareilly Transmission
TBCB,BD2064:BG2079,13-row build-up,(removed),replaced by single fixed merged tariff
TBCB,F2076,=TBCBsum!H122,18984.938,single fixed merged tariff for all 13 projects
TBCB,S2068,1.19,0.877556,"FY27 part-year factor (Ananthpuram partial, Neemrana pre-COD)"
TBCB,S2079:BB2079,punched / linked to build-up,=$F$2076*<yr>2068,same construction as every other block
