Period,Anchor date used (end of period),Cumulative RTS systems at anchor,Cumulative households at anchor,Systems added in period,Households added in period,Official target for the period (households),Achievement vs target,Basis / caveat
Pre-scheme decade (2014 to Feb 2024),,794000,,794000,,,,"MNRE, Aug 2026: 7.94 lakh residential rooftop installations in the decade before the scheme (~80,000/yr; ~7,000/month per Minister Joshi, Jun 2026)"
FY 2023-24 (13 Feb - 31 Mar 2024),2024-03-31,,,,,,,"Negligible; scheme launched 13 Feb 2024, subsidy disbursal only began Jun 2024 after elections. No official figure published."
FY 2024-25,2025-03-10,1009000,,1009000,,,,Anchor = 10 Mar 2025 (10.09 lakh systems). True 31 Mar 2025 figure not published; at the then run-rate (~1 lakh/month) FY25 close is ~10.7-11 lakh systems.
FY 2025-26,2026-03-19,2619879,3240000,1610879,,3500000,0.4603,"Achievement = systems added / household target (slightly understates, since households > systems). Anchor = 19 Mar 2026 (26,19,879 systems / 32.4 lakh households). Target 35 lakh households for FY26 (RS, 8 Dec 2025). Households added in FY26 ~ 19-20 lakh if FY25-end households were ~13 lakh (not published)."
"FY 2026-27 YTD (Apr - ~10 Aug 2026), official",2026-08-10,4190000,5040000,1570121,1800000,,,Anchor = Rajya Sabha reply ~10 Aug 2026 (41.9 lakh systems / 50.4 lakh households). About 4.5 months of FY27.
"FY 2026-27 YTD (Apr - Aug 2026), portal",2026-08-31,4644000,5528000,2024121,2288000,,,Anchor = portal snapshot end-Aug 2026 via JMK/Urban Acres (46.44 lakh systems / 55.28 lakh households). Secondary source.
Calendar 2024 (13 Feb - 3 Dec 2024),2024-12-03,630000,,630000,,,,PIB 5 Dec 2024: 6.3 lakh installations in first 9 months. CY2024 close likely ~7 lakh.
Calendar 2025,2025-12-31,2085514,2614446,1455514,,,,"31 Dec 2025 official: 20,85,514 systems / 26,14,446 households (RS reply). Households added in CY2025 ~ 18-19 lakh (CY2024-end households not published)."
"Calendar 2026 YTD (Jan - ~10 Aug 2026), official",2026-08-10,4190000,5040000,2104486,2425554,7500000,0.672,Target column = Minister's stated 75 lakh households by Dec 2026 (PIB 4 Jun 2026); achievement = cumulative households at anchor / 75 lakh. Households added Jan-Aug 2026 ~ 24 lakh.
Cumulative since launch to ~10 Aug 2026,2026-08-10,4190000,5040000,,,10000000,0.504,Scheme target: 1 crore households by FY 2026-27 (31 Mar 2027). ~50% reached with ~7.5 months left; MNRE Secretary (15 Sep 2026) expects 85-90 lakh by Mar 2027.
Yellow = derived by subtraction between nearest official cumulative datapoints; anchors are not exact year-ends. Formulas link to the Timeline sheet.,,,,,,,,
