Financial year,Anchor date for year-end,Comp-B cumulative standalone pumps at year-end,Comp-B pumps added in year,Comp-C cumulative solarised pumps at year-end,Comp-C pumps added in year,All pumps (B+C) cumulative,Annual target set by MNRE,Basis / caveat
FY 2019-20,2020-03-31,8954,8954,0,0,8954,,"MNRE Year End Review 2020: 8,954 pumps installed in 2019-20. Scheme launched Mar 2019."
FY 2020-21,2021-03-31,40000,31046,0,0,40000,Comp-B 2020-21 targets exceeded demand (Estimates Cttee para 2.51),"MNRE: 'over 40,000' installed up to 31.03.2021 (rounded). COVID years; Ministry told the Committee 'first two years were lost to COVID-19'."
FY 2021-22,2022-03-31,,,,,,,"No official 31.03.2022 figure located. FY22 + FY23 together added ~1.78 lakh Comp-B pumps (40,000 -> 2,18,539)."
FY 2022-23,2023-03-31,218539,178539,1519,1519,220058,,"Comp-B 2,18,539 as on 31.03.2023 (MNRE report May 2023 via Mongabay; PIB gives 2,08,648 total pumps on 28.02.2023). Comp-C first 1,519 by Jun 2023. Column D = two years (FY22+FY23) combined."
FY 2023-24,2024-03-31,310000,91461,8000,6481,318000,,"ESTIMATE: 31.01.2024 official = 2,95,823 B / 7,384 C; run-rate ~7,000/month -> ~3.1 lakh B and ~8,000 C by 31.03.2024."
FY 2024-25,2025-03-31,740000,430000,260000,252000,1000000,DfG 2024-25: n/a,"ESTIMATE: 31.01.2025 official = 6,69,484 B / 1,92,905 C; 30.06.2025 = 8.4 lakh B / 5.9 lakh C. Interpolated to ~7.4 lakh B and ~2.6 lakh C at 31.03.2025. Secondary sources quote 4.4 lakh B and 2.6 lakh C added in FY25."
FY 2025-26,2026-03-31,1060000,320000,1400000,1140000,2460000,"A 1,000 MW; B 5,00,000 pumps; C 3,00,000 pumps (Standing Cttee DfG 2025-26)","ESTIMATE: 31.12.2025 = 9,75,227 B / 12,01,552 C; 30.04.2026 = 10,90,815 B / 15,87,009 C; Minister 11 Mar 2026: '>10 lakh B, >13 lakh C'. Interpolated ~10.6 lakh B, ~14 lakh C at 31.03.2026. Comp-B target of 5 lakh missed (~3.2 lakh); Comp-C target of 3 lakh exceeded (~11 lakh, feeder-level)."
FY 2026-27 YTD (Apr-Aug 2026),2026-08-31,1180474,120474,1660000,260000,2838970,"Budget Rs 5,000 cr (BE 2026-27); no physical target published","Comp-B 11,80,474 at Aug 2026 (portal via secondary). Comp-C ~16.6 lakh est. from 28,38,970 total pumps on 31.07.2026 (LS) minus ~11.7 lakh B. Column G = official total 31.07.2026."
"Cumulative since launch (31 Jul 2026, official)",2026-07-31,1180474,,1658496,,2838970,Target: 14 lakh B + 35 lakh C = 49 lakh pumps by 31.03.2026 (extended to 31.03.2027 for sanctioned projects),"28.39 lakh of 49 lakh pumps = ~58% of the pump target; Comp-B at ~84% of 14 lakh; Comp-C at ~47% of 35 lakh; Comp-A at ~17% of 10,000 MW."
"Yellow = derived or interpolated. MNRE publishes cumulative progress 'as on' a date, never a FY-wise installation series; year-end values for FY24, FY25 and FY26 are interpolated between the nearest official datapoints (see KUSUM_Timeline). Comp-C counts pumps covered by feeder-level solarisation (FLS) plus individually solarised pumps (IPS).",,,,,,,,
