State/UT,Comp-B sanctioned (nos.),Comp-B installed (nos.),Installed as % of sanctioned,Comp-A sanctioned (MW),Comp-A installed (MW)
Andaman and Nicobar,34,0,0.0,,
Arunachal Pradesh,700,604,0.8629,,
Assam,4000,0,0.0,2,0
Chhattisgarh,,,,330,7
Goa,900,100,0.1111,50,0
Gujarat,18212,12016,0.6598,500,0
Haryana,197655,161073,0.8149,158,16.61
Himachal Pradesh,1270,959,0.7551,100,100
Jammu and Kashmir,5000,2955,0.591,,
Jharkhand,52985,36346,0.686,,
Karnataka,26365,2388,0.0906,,
Kerala,8,8,1.0,,
Ladakh,1400,0,0.0,,
Madhya Pradesh,59400,7325,0.1233,1790,52.13
Maharashtra,555000,423379,0.7628,260,4
Manipur,450,150,0.3333,,
Meghalaya,2735,98,0.0358,,
Mizoram,1700,40,0.0235,,
Nagaland,265,65,0.2453,,
Odisha,16441,5713,0.3475,90,0
Puducherry,72,0,0.0,,
Punjab,18000,15993,0.8885,,
Rajasthan,162914,106831,0.6558,5250,457.25
Tamil Nadu,5187,4260,0.8213,14,3
Telangana,20000,0,0.0,1450,0
Tripura,11114,5082,0.4573,5,0
Uttar Pradesh,107266,66468,0.6197,1,1
Uttarakhand,3685,1477,0.4008,,
Total,1272758,853330,0.6705,10000,640.99
"Source: Standing Committee on Energy, 10th Report (Sep 2025), Annexure IV: State-wise progress under PM-KUSUM as on 31.07.2025. Official totals: Comp-B 12,72,758 sanctioned / 8,53,330 installed; Comp-A 10,000 MW sanctioned / 640.99 MW installed. https://sansad.in/getFile/lsscommittee/Energy/18_Energy_10.pdf?source=loksabhadocs",,,,,
