As on date,Comp-B standalone pumps installed (nos.),Comp-B sanctioned (nos.),Comp-C IPS solarised (nos.),Comp-C FLS pumps solarised (nos.),Comp-C total solarised (nos.),All pumps B+C (nos.),Comp-A installed (MW),CFA released (Rs crore),Source type,Who / document,Source URL,Notes
2019-03-08,,,,,,,,,MNRE,"Scheme launched 8 Mar 2019 (approved 19 Feb 2019); outlay Rs 34,422 cr",https://mnre.gov.in/en/pradhan-mantri-kisan-urja-suraksha-evam-utthaan-mahabhiyaan-pm-kusum/,"Original: 10,000 MW (A), 20 lakh pumps (B), 15 lakh pumps (C) by 2022"
2020-03-31,8954,,,,,,,151.26,MNRE year-end review,"MNRE Year End Review 2020: 8,954 standalone pumps installed in 2019-20",https://www.manoramayearbook.in/current-affairs/india/2021/01/05/ministry-of-new-and-renewable-energy-mnre-year-end-review.html,CFA = funds utilised FY20 (Standing Committee DfG 2025-26)
2021-03-31,40000,,,,,,,156.43,MNRE,"MNRE: over 40,000 pumps reported installed up to 31.03.2021",https://mnre.gov.in/en/pradhan-mantri-kisan-urja-suraksha-evam-utthaan-mahabhiyaan-pm-kusum/,"Rounded ('over 40,000'); CFA = FY21 funds utilised"
2023-02-28,,,,,,208648,89.45,,Lok Sabha / PIB,"PIB 1907703, LS reply Mar 2023: 2.09 lakh pumps solarised; 89.45 MW",https://www.pib.gov.in/PressReleasePage.aspx?PRID=1907703,Total pumps (B + small C); state-wise annexure
2023-03-31,218539,,,,,,,801.36,MNRE report (via Mongabay),"MNRE report May 2023 cited by Mongabay Sep 2023: ~2,18,539 standalone pumps to 31.03.2023",https://india.mongabay.com/2023/09/under-utilisation-of-off-grid-standalone-solar-pumps-remains-a-challenge/,Secondary citation of an MNRE report; CFA = FY23 funds utilised
2023-06-30,244373,947991,1519,,1519,245892,,,Rajya Sabha / PIB,"PIB 1947138, RS reply 8 Aug 2023 (R.K. Singh): 2,44,373 B installed vs 9,47,991 allocated; 1,519 C solarised",https://www.pib.gov.in/PressReleasePage.aspx?PRID=1947138,
2023-11-30,278114,971471,,,4594,282708,141.33,,Lok Sabha / PIB,"PIB 1989815, LS reply 21 Dec 2023: state-wise table",https://www.pib.gov.in/PressReleasePage.aspx?PRID=1989815,"C sanctioned: IPS 1,34,286; FLS 29,12,466"
2024-01-31,295823,1294787,,,7384,303207,165.28,,Lok Sabha / PIB,"PIB 2004183, LS reply 8 Feb 2024: state-wise table",https://www.pib.gov.in/PressReleasePage.aspx?PRID=2004183,"C sanctioned: IPS 1,61,204; FLS 33,76,466. Closest official datapoint to FY2023-24 year-end"
2024-06-30,,,,,,411222,,,PIB,"PIB 2042069, 6 Aug 2024: 4,11,222 farmers benefited (B+C)",https://www.pib.gov.in/PressReleasePage.aspx?PRID=2042069,"Farmers, not pumps"
2024-10-31,540499,1302327,,,80845,621344,319.23,3748.61,Lok Sabha & Rajya Sabha,"MoS Naik, LS reply 28 Nov 2024 / RS reply Dec 2024 (Energetica): B 42% of sanctioned; CFA utilised Rs 3,748.61 cr of Rs 11,438 cr",https://www.energetica-india.net/news/-pm-kusum-achieves-42-percent-solar-pump-installation-target,C sanctioned 34.65 lakh
2025-01-31,669484,,5272,187633,192905,862389,417.98,,Standing Committee on Energy,"5th Report, Demands for Grants 2025-26 (MNRE), para 4.18: achievements as on 31.01.2025",https://sansad.in/getFile/lsscommittee/Energy/18_Energy_5.pdf?source=loksabhadocs,"FLS 653.80 MW = 1,87,633 pumps. Closest official datapoint to FY2024-25 year-end"
2025-06-30,840000,1330000,,,590000,1430000,639,,Standing Committee on Energy,"10th Report (Sep 2025), para 3.11 graphs: B 8.4 lakh installed / 13.3 lakh sanctioned; C 5.9 lakh / 35.6 lakh; A 639 MW",https://sansad.in/getFile/lsscommittee/Energy/18_Energy_10.pdf?source=loksabhadocs,"Read off bar-chart labels (lakh, one decimal)"
2025-07-31,853349,1272758,8966,645975,654941,1508290,640.99,,Committee on Estimates,"7th Report (4 Dec 2025), table as on 31.07.2025: A 640.99/10,000 MW; B 8,53,349/12,72,758; IPS 8,966/60,828; FLS 6,45,975/35,61,855",https://sansad.in/getFile/lsscommittee/Estimates/18_Estimates_7.pdf?source=loksabhadocs,"Also state-wise B table (Energy 10th Report Annexure IV, total 8,53,330)"
2025-10-31,920000,,,,,,,,PIB,PIB 2199729 'India's Solar Momentum' (Dec 2025): close to 9.2 lakh standalone pumps,https://www.pib.gov.in/PressReleasePage.aspx?PRID=2199729,Rounded; as-on date approximate (Oct/Nov 2025)
2025-11-30,942189,1308644,,,1099699,2041888,667.3,7106,Lok Sabha,"LS reply 10 Dec 2025 (SolarQuarter / Down To Earth): 'over 10.9 lakh pumps solarised' (= Component C); CFA Rs 7,106 cr; 10,203 MW total",https://www.downtoearth.org.in/energy/centre-readies-pm-kusum-20-as-focus-shifts-to-feeder-level-solarisation,"Component split per Down To Earth: A 667.3/9,964 MW; B 9,42,189/13,08,644; C 10,99,699/35,83,320. 'Over 10.9 lakh pumps solarised' headline = Component C only"
2025-12-31,975227,1315190,,,1201552,2176779,,,Parliament (via secondary),"Data placed in Parliament Mar 2026, cited by UnderstandUPSC: B 9,75,227 (4,398.57 MW); C 12,01,552 (5,829.98 MW)",https://www.understandupsc.com/pm-kusum/,Secondary citation; calendar-2025 year-end anchor
2026-02-09,1000000,1300000,12311,,,,765,,National Portal via PRS,"PRS DfG 2026-27 analysis Table 3 (PM-KUSUM portal, 9 Feb 2026): B 10 lakh / 13 lakh (76%); IPS 12,311 / 55,392 (22%); A 765 / 10,000 MW (8%)",https://prsindia.org/files/budget/budget_parliament/2026/DfG_Analysis_2026-27-Power.pdf,Rounded to lakh
2026-03-11,1000000,,,,1300000,2300000,,,Minister statement,"Minister Joshi, 11 Mar 2026: 'more than 10 lakh standalone pumps installed, over 13 lakh grid-connected pumps solarised'",https://www.thehawk.in/news/science/over-10-lakh-standalone-solar-pumps-installed-13-lakh-grid-connected-pumps-solarised,Rounded
2026-03-31,,,,,,,13110,,Lok Sabha,LS reply Jul 2026 (Energetica 26 Jul 2026): 13.11 GW total installed under PM-KUSUM as on 31.03.2026; extension to Mar 2027 for PPA/NTP by 31.12.2025,https://www.energetica-india.net/news/pm-kusum-scheme-installs-1311-gw-by-march-2026-ppa-projects-extended-until-march-2027,"Column H here = ALL components (GW x1000), not Comp-A"
2026-04-30,1090815,1307190,15183,1571826,1587009,2677824,,,Portal via secondary,"MNRE PM-KUSUM dashboard as on 30.04.2026, cited by Franchise India / SurgePV",https://www.franchiseindia.com/insights/en/article/pm-kusum-component-b-guide-2026-subsidy-tender-vendor-selection-and-allocation-process.59738,"Sanctioned: IPS 55,392; FLS 35,36,602. Not verified against a primary document"
2026-06-30,1149988,1307190,15822,1617058,1632880,2782868,1726.92,,Portal via secondary + Lok Sabha,"MNRE dashboard 30.06.2026 (Saur Energy 21 Jul 2026); Comp-A 1,726.92 MW also in LS reply Jul 2026",https://www.saurenergy.com/solar-energy-news/pm-kusums-missing-link-why-indias-solar-pump-success-isnt-yet-an-agricultural-energy-revolution-12183450,B = 88% of sanctioned; FLS 45.7%; IPS 28.6%
2026-07-31,,,,,,2838970,4116.89,10850.8,Lok Sabha,"LS reply 12 Aug 2026 (ANI / Asianet): 28,38,970 pumps solarised under PM-KUSUM as on 31.07.2026; Rs 10,850.8 cr CFA released 2023-24 to Jul 2026; 4,116.89 MW",https://aninews.in/news/business/over-51-lakh-households-benefit-under-pm-surya-ghar-284-lakh-farm-pumps-solarised-govt20260812131651/,"Latest Parliament datapoint. 4,116.89 MW as reported ('off-grid solar / PM-KUSUM'); treat with caution. CFA figure covers 2023-24 onward only"
2026-08-31,1180474,1307190,,,,,,,Portal via secondary,"MNRE dashboard Aug 2026 (cited by Franchise India): 11,80,474 standalone pumps",https://www.franchiseindia.com/insights/en/article/pm-kusum-component-b-guide-2026-subsidy-tender-vendor-selection-and-allocation-process.59738,Not verified against a primary document
