#,Document,Date,Type,URL
1,Cabinet approves PM-Surya Ghar for 1 crore households (PIB 2010133),2024-02-29,PIB press release,https://www.pib.gov.in/PressReleasePage.aspx?PRID=2010133
2,PMSGMBY set to surpass 10 lakh by Mar 2025 (PIB 2080833),2024-12-05,PIB press release,https://www.pib.gov.in/PressReleasePage.aspx?PRID=2080833
3,"PM Surya Ghar backgrounder, roadmap to 1 crore (PIB 2081250)",2024-12-05,PIB backgrounder,https://www.pib.gov.in/PressReleasePage.aspx?PRID=2081250
4,Crosses 10 lakh installations (PIB 2110283),2025-03-13,PIB press release,https://www.pib.gov.in/PressReleasePage.aspx?PRID=2110283
5,"MNRE Secretary: 15-20 lakh in FY26, 30-40 lakh next year (Tribune)",2025-09-23,Press,https://www.tribuneindia.com/news/business/mnre-secretary-hopeful-of-achieving-one-crore-rooftop-solar-installations-under-pm-suryaghar-in-quick-time/amp
6,"23.96 lakh households, 35 lakh FY26 target, RS reply (PIB 2200441)",2025-12-08,Rajya Sabha / PIB,https://www.pib.gov.in/PressReleasePage.aspx?PRID=2200441
7,"7,075.78 MW installed under PMSG:MBY (AIR)",2025-12-09,Rajya Sabha / AIR,https://www.newsonair.gov.in/7075-78-mw-rooftop-solar-installed-under-pm-surya-ghar-muft-bijli-yojana
8,"Zero bills to 7.7 lakh households, state-wise annexure as on 9 Dec 2025 (PIB 2204466)",2025-12-16,Rajya Sabha / PIB,https://www.pib.gov.in/PressReleasePage.aspx?PRID=2204466
9,"India's Solar Momentum: 23.9 lakh households, 7 GW (PIB 2199729)",2025-12-20,PIB backgrounder,https://www.pib.gov.in/PressReleasePage.aspx?PRID=2199729
10,"RS reply: 20,85,514 systems / 26,14,446 households as on 31 Dec 2025 (SolarQuarter)",2026-02-04,Rajya Sabha via press,https://solarquarter.com/2026/02/04/india-expands-distributed-solar-footprint-under-pm-surya-ghar-with-20-85-lakh-installations-and-26-lakh-beneficiaries/
11,"PRS Demand for Grants 2026-27 analysis, Power & MNRE (Table 7 state-wise, 10 Jan 2026)",2026-02-10,PRS,https://prsindia.org/files/budget/budget_parliament/2026/DfG_Analysis_2026-27-Power.pdf
12,"LS reply: 25,87,685 systems / 32,02,697 households as on 16 Mar 2026 (Down To Earth)",2026-03-18,Lok Sabha via press,https://www.downtoearth.org.in/governance/as-told-to-parliament-march-18-2026-surya-ghar-yojana-benefitting-3202697-households-says-centre
13,"26,19,879 systems, Rs 17,967.53 cr CFA as on 19 Mar 2026 (SolarQuarter)",2026-03-25,Parliament via press,https://solarquarter.com/2026/03/25/pm-surya-ghar-yojana-updates-2026-26-lakh-rooftop-solar-installations-across-india-with-%E2%82%B917967-crore-central-financial-assistance/
14,"75 lakh households by Dec 2026, two-year event (PIB 2268992)",2026-06-04,PIB press release,https://www.pib.gov.in/PressReleasePage.aspx?PRID=2268992
15,"LS Starred Q.59, 22 Jul 2026: target 1 crore by FY2026-27; TN district-wise",2026-07-22,Lok Sabha (sansad.in PDF),https://sansad.in/getFile/lsapps/loksabhaquestions/annex/188/AS59_dKLc7G.pdf
16,"LS Unstarred Q.580, 22 Jul 2026: 39,38,805 systems / 47,47,341 households / Rs 27,323.55 cr",2026-07-22,Lok Sabha (sansad.in PDF),https://sansad.in/getFile/lsapps/loksabhaquestions/annex/188/AU580_5TGlZa.pdf
17,"LS reply as on 20 Jul 2026: 14.07 GW, 76.47 lakh applications, state leaders (Energetica)",2026-07-24,Lok Sabha via press,https://www.energetica-india.net/news/pm-surya-ghar-crosses-39-38-lakh-rooftop-solar-installations-capacity-reaches-14-07-gw
18,"RS reply as on 22 Jul 2026: 39,72,447 systems / 48,02,717 households; budget spend by FY (SolarQuarter)",2026-07-29,Rajya Sabha via press,https://solarquarter.com/2026/07/29/pm-surya-ghar-scheme-nears-4-million-rooftop-solar-installations-over-1-89-million-households-report-zero-power-bills/
19,"MNRE: crosses 50 lakh households, July record 5.06 lakh, 7.94 lakh in prior decade (DD India)",2026-08-04,MNRE via DD India,https://ddindia.co.in/2026/08/pm-surya-ghar-scheme-crosses-50-lakh-rooftop-solar-installations/
20,Same MNRE release (pv magazine),2026-08-05,MNRE via press,https://www.pv-magazine.com/2026/08/05/pm-surya-ghar-rooftop-solar-scheme-surpasses-5-million-households/
21,"RS reply Aug 2026: 7.77 mn applications, 4.19 mn systems, 5.04 mn households, 14,894.95 MW, Rs 28,390.50 cr (Hans India)",2026-08-11,Rajya Sabha via press,https://www.thehansindia.com/amp/business/pm-surya-ghar-scheme-receives-777-million-applications-installs-419-million-solar-systems-1108246
22,"Portal data via JMK Research: 46.44 lakh systems / 55.28 lakh households / 16,369 MW end-Aug 2026 (Urban Acres)",2026-09-05,Portal via secondary,https://urbanacres.in/pm-surya-ghars-rooftop-solar-push-reveals-a-scale-up-gap/
23,"MNRE Secretary: 85-90 lakh by Mar 2027 (Energetica, 50-lakh milestone piece)",2026-09-15,Press,https://www.energetica-india.net/news/pm-surya-ghar-scheme-crosses-50-lakh-rooftop-solar-installations-14-8-gw-capacity-commissioned
24,MNRE Physical Progress: rooftop 32.59 GW all sectors as on 31 Aug 2026,2026-08-31,MNRE,https://mnre.gov.in/en/physical-progress/
25,"Rooftop Solar Programme Phase-II, pre-scheme state-wise capacity (PIB 1989806)",2023-12-23,PIB press release,https://www.pib.gov.in/PressReleasePage.aspx?PRID=1989806
26,"PM-KUSUM scheme page (targets, period till 31.03.2026)",2026-09-01,MNRE,https://mnre.gov.in/en/pradhan-mantri-kisan-urja-suraksha-evam-utthaan-mahabhiyaan-pm-kusum/
27,PM-KUSUM factsheet (original 2019 targets),2019-02-19,PIB factsheet,https://www.pib.gov.in/FactsheetDetails.aspx?Id=148576&reg=48&lang=2
28,"PM-KUSUM: 89.45 MW, 2.09 lakh pumps as on 28.02.2023 (PIB 1907703)",2023-03-16,Lok Sabha / PIB,https://www.pib.gov.in/PressReleasePage.aspx?PRID=1907703
29,"Progress of PM-KUSUM, RS reply: 2,44,373 pumps as on 30.06.2023 (PIB 1947138)",2023-08-08,Rajya Sabha / PIB,https://www.pib.gov.in/PressReleasePage.aspx?PRID=1947138
30,"Mongabay: 2,18,539 pumps to 31.03.2023 (citing MNRE report May 2023)",2023-09-20,Press citing MNRE,https://india.mongabay.com/2023/09/under-utilisation-of-off-grid-standalone-solar-pumps-remains-a-challenge/
31,"Progress and implementation of PM-KUSUM, state-wise as on 30.11.2023 (PIB 1989815)",2023-12-23,Lok Sabha / PIB,https://www.pib.gov.in/PressReleasePage.aspx?PRID=1989815
32,"2.95 lakh standalone pumps, state-wise as on 31.01.2024 (PIB 2004183)",2024-02-08,Lok Sabha / PIB,https://www.pib.gov.in/PressReleasePage.aspx?PRID=2004183
33,"4,11,222 farmers benefited as on 30.06.2024 (PIB 2042069)",2024-08-06,PIB,https://www.pib.gov.in/PressReleasePage.aspx?PRID=2042069
34,"PM-KUSUM 42% of pump target, 5,40,499 as on 31.10.2024 (Energetica, LS reply)",2024-11-29,Lok Sabha via press,https://www.energetica-india.net/news/-pm-kusum-achieves-42-percent-solar-pump-installation-target
35,"319.23 MW / 5.4 lakh / 80,845 as on 31.10.2024 (Energetica, RS reply)",2024-12-04,Rajya Sabha via press,https://energetica-india.net/news/pm-kusum-scheme-31923-mw-installed-54-lakh-pumps-deployed-80845-pumps-solarised
36,"Standing Committee on Energy, 5th Report, DfG 2025-26 MNRE (achievements 31.01.2025; FY26 targets)",2025-03-10,Lok Sabha committee,https://sansad.in/getFile/lsscommittee/Energy/18_Energy_5.pdf?source=loksabhadocs
37,"Standing Committee on Energy, 10th Report, Performance of Solar Projects (progress 30.06.2025; Annexure IV 31.07.2025)",2025-09-01,Lok Sabha committee,https://sansad.in/getFile/lsscommittee/Energy/18_Energy_10.pdf?source=loksabhadocs
38,"Committee on Estimates, 7th Report, PM-KUSUM & PM Surya Ghar (table 31.07.2025; targets 49 lakh; year-wise funds)",2025-12-04,Lok Sabha committee,https://sansad.in/getFile/lsscommittee/Estimates/18_Estimates_7.pdf?source=loksabhadocs
39,"LS reply 10 Dec 2025: 10.9 lakh pumps solarised, Rs 7,106 cr (SolarQuarter)",2025-12-11,Lok Sabha via press,https://solarquarter.com/2025/12/11/indias-pm-kusum-progress-over-10-9-lakh-pumps-solarized-and-%E2%82%B97106-crore-support-released/
40,Down To Earth: Centre readies PM-KUSUM 2.0 (component split Nov 2025; EFC approval),2025-12-30,Press,https://www.downtoearth.org.in/energy/centre-readies-pm-kusum-20-as-focus-shifts-to-feeder-level-solarisation
41,"PRS DfG 2026-27 analysis Table 3 (PM-KUSUM portal, 9 Feb 2026)",2026-02-10,PRS,https://prsindia.org/files/budget/budget_parliament/2026/DfG_Analysis_2026-27-Power.pdf
42,"Minister Joshi 11 Mar 2026: >10 lakh standalone, >13 lakh grid pumps",2026-03-11,Press,https://www.thehawk.in/news/science/over-10-lakh-standalone-solar-pumps-installed-13-lakh-grid-connected-pumps-solarised
43,MNRE extends PM-KUSUM completion deadline to 31 Mar 2027 (OM 28 Mar 2026),2026-03-30,MNRE via press,https://www.energetica-india.net/news/mnre-extends-pm-kusum-project-completion-deadline-to-march-31-2027
44,UnderstandUPSC: 31.12.2025 component figures placed in Parliament Mar 2026,2026-04-01,Secondary,https://www.understandupsc.com/pm-kusum/
45,Franchise India: dashboard figures 30.04.2026 and Aug 2026,2026-08-20,Secondary (portal),https://www.franchiseindia.com/insights/en/article/pm-kusum-component-b-guide-2026-subsidy-tender-vendor-selection-and-allocation-process.59738
46,Saur Energy: dashboard figures 30.06.2026,2026-07-21,Secondary (portal),https://www.saurenergy.com/solar-energy-news/pm-kusums-missing-link-why-indias-solar-pump-success-isnt-yet-an-agricultural-energy-revolution-12183450
47,"LS reply Jul 2026: 13.11 GW by 31.03.2026, Comp-A 1,726.92 MW (Energetica)",2026-07-26,Lok Sabha via press,https://www.energetica-india.net/news/pm-kusum-scheme-installs-1311-gw-by-march-2026-ppa-projects-extended-until-march-2027
48,"LS reply 12 Aug 2026: 28,38,970 pumps solarised as on 31.07.2026; Rs 10,850.8 cr (ANI)",2026-08-12,Lok Sabha via press,https://aninews.in/news/business/over-51-lakh-households-benefit-under-pm-surya-ghar-284-lakh-farm-pumps-solarised-govt20260812131651/
49,Minister Joshi 9 Sep 2026: PM-KUSUM 2.0 'set to be announced anytime' (Reslink),2026-09-09,Press,https://www.reslink.org/blogs/pm-kusum-2-0-is-coming-india-s-rs-50-000-crore-agricultural-solar-push/
