S No.,State/UT,RTS installations (nos.),Households benefitted (nos.),Consumers with zero energy charges (nos.),CFA disbursed (nos.),CFA amount (Rs crore),Loan applications sanctioned (nos.)
1,Andhra Pradesh,76617,79210,36381,66070,511.11,61607
2,Arunachal Pradesh,1,1,0,1,0.01,74
3,Assam,63887,64525,4973,51894,442.26,69883
4,Bihar,13649,14096,0,12640,97.5,9204
5,Chhattisgarh,16498,17847,987,10900,84.42,16121
6,Goa,1304,1596,798,1110,8.78,264
7,Gujarat,493161,710102,362675,474051,3714.47,42408
8,Haryana,44937,50434,1575,41921,310.16,18717
9,Himachal Pradesh,5556,5679,502,5018,42.94,2994
10,Jharkhand,1308,1310,357,1146,8.89,997
11,Karnataka,14471,22833,245,13456,108.68,4426
12,Kerala,169227,174097,117697,155907,1216.82,76421
13,Madhya Pradesh,78062,81361,40594,73299,570.24,37602
14,Maharashtra,363811,580271,105003,328640,2613.21,138592
15,Manipur,680,680,139,629,5.37,296
16,Meghalaya,32,32,2,26,0.15,692
17,Mizoram,727,729,156,649,5.49,4
18,Nagaland,129,129,0,121,1.01,28
19,Odisha,23774,24125,3949,19763,151.2,22324
20,Punjab,10456,10566,0,9488,73.85,4140
21,Rajasthan,108584,111521,8472,98064,763.8,65455
22,Sikkim,23,23,0,14,0.12,12
23,Tamil Nadu,48652,56258,0,44355,334.85,11801
24,Telangana,23675,34110,10234,21215,168.51,12060
25,Tripura,1603,1614,178,1344,11.28,1366
26,Uttarakhand,55229,55391,23367,48214,413.5,32016
27,Uttar Pradesh,302140,305397,42707,271181,2074.53,186297
28,West Bengal,1107,1170,20,330,2.46,1006
29,Andaman and Nicobar Islands,147,166,24,128,1.08,93
30,Chandigarh,957,957,148,695,5.31,121
31,Jammu and Kashmir,15985,15985,3958,13616,116.55,10993
32,Ladakh,1077,1077,2744,944,8.1,26
33,Lakshadweep,685,685,1126,651,5.59,260
34,NCT of Delhi,5059,8671,1733,4349,36.27,1228
35,Puducherry,2066,2066,785,1849,14.22,961
36,DNH&DD,482,482,51,453,3.52,128
,Total,1945758,2435196,771580,1774131,13926.25,830617
"Source: Annexure to Rajya Sabha written reply by MoS Shripad Yesso Naik, 16 Dec 2025, as on 09.12.2025 (PIB Release ID 2204466). Official totals: 19,45,758 systems; 24,35,196 households; 7,71,580 zero-bill; Rs 13,926.25 cr CFA. https://www.pib.gov.in/PressReleasePage.aspx?PRID=2204466",,,,,,,
