State/UT,Applications,Installations (nos.),Installations as % of applications,Households covered
Andaman and Nicobar,654,183,0.2798,202
Andhra Pradesh,1175634,87984,0.0748,90864
Arunachal Pradesh,88,1,0.0114,1
Assam,484444,75177,0.1552,75883
Bihar,55543,14500,0.2611,15148
Chandigarh,1510,1001,0.6629,1001
Chhattisgarh,121687,23404,0.1923,24825
Dadra & Nagar Haveli and Daman & Diu,1949,496,0.2545,496
Delhi,17149,5589,0.3259,9471
Goa,2687,1461,0.5437,1814
Gujarat,617917,524808,0.8493,757016
Haryana,104038,49473,0.4755,56562
Himachal Pradesh,10719,6234,0.5816,6235
Jammu and Kashmir,90917,19459,0.214,19467
Jharkhand,7886,1512,0.1917,1514
Karnataka,155643,15292,0.0983,24168
Kerala,243706,180783,0.7418,185462
Ladakh,1725,1278,0.7409,1278
Lakshadweep,1144,752,0.6573,752
Madhya Pradesh,139368,85955,0.6167,89367
Maharashtra,589328,403698,0.685,650742
Manipur,1478,729,0.4932,729
Meghalaya,1933,35,0.0181,35
Mizoram,954,787,0.8249,789
Nagaland,548,132,0.2409,132
Odisha,161517,29396,0.182,29744
Puducherry,3209,2286,0.7124,2286
Punjab,18866,10906,0.5781,11016
Rajasthan,249987,123248,0.493,127175
Sikkim,261,26,0.0996,26
Tamil Nadu,65809,52224,0.7936,60831
Telangana,72956,26041,0.3569,37155
Tripura,7871,1945,0.2471,1956
Uttar Pradesh,1045349,335182,0.3206,338861
Uttarakhand,95316,60027,0.6298,60189
West Bengal,12112,1145,0.0945,1208
All-India,5561902,2143149,0.3853,2684400
"Source: PRS Legislative Research, Demand for Grants 2026-27 Analysis: Power and New & Renewable Energy, Table 7 (PMSG:MBY National Portal, as on 10 Jan 2026). PRS totals: 55,61,902 applications; 21,43,149 installations; 26,84,400 households. https://prsindia.org/files/budget/budget_parliament/2026/DfG_Analysis_2026-27-Power.pdf",,,,
