Target / milestone,Value,Deadline,Set by / stated in,Date stated,Status as of Sep 2026,Source URL
Scheme target (households),"1 crore (10,000,000) households",FY 2026-27 (31 Mar 2027),"Union Cabinet approval; reaffirmed LS Starred Q.59, 22 Jul 2026",2024-02-29,~50.4 lakh households by ~10 Aug 2026 (official); 55.28 lakh end-Aug (portal). MNRE Secretary (15 Sep 2026): 85-90 lakh likely by Mar 2027.,https://www.pib.gov.in/PressReleasePage.aspx?PRID=2010133
Scheme target (capacity),30 GW residential rooftop,Mar 2027,Cabinet approval; PIB 10-lakh release said '27 GW more by Mar 2027',2024-02-29,"14,894.95 MW by Aug 2026 (RS); ~16.4 GW end-Aug (portal). Roughly half.",https://www.pib.gov.in/PressReleasePage.aspx?PRID=2110283
Financial outlay,"Rs 75,021 crore",FY 2026-27,Cabinet,2024-02-29,"Rs 28,390.50 cr CFA released to Aug 2026 (RS). Budget: FY25 actual 7,822.92 cr; FY26 actual 16,166.23 cr (BE 20,000); FY27 BE 22,000 cr.",https://www.pib.gov.in/PressReleasePage.aspx?PRID=2010133
"Interim roadmap (PIB, Dec 2024)",10 lakh by Mar 2025; 20 lakh by Oct 2025; 40 lakh by Mar 2026; 1 crore by Mar 2027,see value,PIB 2080833 / 2081250,2024-12-05,"10 lakh: met (10 Mar 2025). 20 lakh by Oct 2025: ~20 lakh households by Sep 2025 (met on households, not systems). 40 lakh by Mar 2026: MISSED (26.2 lakh systems / 32.4 lakh households).",https://www.pib.gov.in/PressReleasePage.aspx?PRID=2081250
Annual target FY 2025-26,35 lakh households,31 Mar 2026,"MoS Shripad Naik, Rajya Sabha written reply",2025-12-08,MISSED: ~16 lakh systems / ~19-20 lakh households added in FY26 (derived).,https://www.pib.gov.in/PressReleasePage.aspx?PRID=2200441
MNRE Secretary projection FY26 / FY27,15-20 lakh added in FY 2025-26; 30-40 lakh in FY 2026-27,Mar 2027,Secretary Santosh Kumar Sarangi (press),2025-09-23,FY26 landed inside the 15-20 lakh range. FY27 pace (Apr-Aug ~18-21 lakh households in 5 months) is ahead of the 30-40 lakh projection.,https://www.tribuneindia.com/news/business/mnre-secretary-hopeful-of-achieving-one-crore-rooftop-solar-installations-under-pm-suryaghar-in-quick-time/amp
Interim target (Minister),75 lakh households,Dec 2026,"Minister Pralhad Joshi, 'Two years of PM Surya Ghar' event, PIB 2268992",2026-06-04,"Needs ~20-25 lakh more households in Sep-Dec 2026, i.e. ~5-6 lakh/month vs July 2026 record 5.06 lakh. Achievable only if the July pace holds.",https://www.pib.gov.in/PressReleasePage.aspx?PRID=2268992
Secretary's revised expectation,85-90 lakh households,Mar 2027,MNRE Secretary Sarangi (press),2026-09-15,Implicit admission that 1 crore by Mar 2027 is unlikely. No official revision of the 1 crore target or of the 31 Mar 2027 scheme end has been notified.,https://www.energetica-india.net/news/pm-surya-ghar-scheme-crosses-50-lakh-rooftop-solar-installations-14-8-gw-capacity-commissioned
Utility-Led Aggregation (ULA) pipeline,~30 lakh installations planned via DISCOMs,n/a,"Minister Joshi, PIB 2268992",2026-06-04,"Pipeline, not achievement.",https://www.pib.gov.in/PressReleasePage.aspx?PRID=2268992
