As on date,RTS systems installed (nos.),Households benefitted (nos.),Applications received (nos.),Capacity installed (MW),CFA / subsidy released (Rs crore),Zero-bill households (nos.),Source type,Who / document,Source URL,Notes
2024-02-13,,,,,,,PIB,Scheme launch by PM; Cabinet approval 29 Feb 2024 (PIB 2010133),https://www.pib.gov.in/PressReleasePage.aspx?PRID=2010133,"Target: 1 crore households; outlay Rs 75,021 cr; 30 GW residential rooftop"
2024-11-30,400000,,,,3100,,PIB,"PIB 2080833, 5 Dec 2024 (subsidy disbursed to >4 lakh consumers by Nov 2024)",https://www.pib.gov.in/PressReleasePage.aspx?PRID=2080833,"Column B here = consumers who received subsidy, not installations"
2024-12-03,630000,,2638000,,,,PIB,"PIB 2080833 / 2081250, 5 Dec 2024: 6.3 lakh installations in 9 months, avg 70,000/month; 1.45 crore registrations",https://www.pib.gov.in/PressReleasePage.aspx?PRID=2081250,"Roadmap stated: 10 lakh by Mar 2025, 20 lakh by Oct 2025, 40 lakh by Mar 2026, 1 crore by Mar 2027"
2025-03-10,1009000,,4730000,3000,4770,,PIB,"PIB 2110283, 13 Mar 2025: 10.09 lakh installations; 6.13 lakh subsidies paid; >3 GW",https://www.pib.gov.in/PressReleasePage.aspx?PRID=2110283,Closest official datapoint to FY2024-25 year-end
2025-09-23,,2000000,,,,,Press (MNRE Secretary),"Tribune, 23 Sep 2025: ~20 lakh households covered; 15-20 lakh to be added in FY26, 30-40 lakh next year",https://www.tribuneindia.com/news/business/mnre-secretary-hopeful-of-achieving-one-crore-rooftop-solar-installations-under-pm-suryaghar-in-quick-time/amp,Rounded figure
2025-12-03,1917698,2396497,5354099,,,,Rajya Sabha / PIB,"PIB 2200441, MoS Shripad Naik, RS written reply 8 Dec 2025; 23.96% of target; FY26 target 35 lakh households",https://www.pib.gov.in/PressReleasePage.aspx?PRID=2200441,
2025-12-09,1945758,2435196,,7075.78,13926.25,771580,Rajya Sabha / PIB,"PIB 2204466, MoS Naik, RS written reply 16 Dec 2025, state-wise annexure; 7,075.78 MW per AIR 9 Dec 2025",https://www.pib.gov.in/PressReleasePage.aspx?PRID=2204466,Full state-wise table in State_wise_Dec2025 sheet
2025-12-31,2085514,2614446,,,14771.82,,Rajya Sabha,"MoS Naik, RS written reply, Feb 2026 (reported SolarQuarter 4 Feb 2026)",https://solarquarter.com/2026/02/04/india-expands-distributed-solar-footprint-under-pm-surya-ghar-with-20-85-lakh-installations-and-26-lakh-beneficiaries/,Calendar-year 2025 end anchor
2026-01-10,2143149,2684400,5561902,,,,National Portal via PRS,"PRS Demand for Grants 2026-27 analysis, Table 7 (portal data as on 10 Jan 2026)",https://prsindia.org/files/budget/budget_parliament/2026/DfG_Analysis_2026-27-Power.pdf,State-wise in State_wise_Jan2026 sheet
2026-03-05,2502217,,,,,,Rajya Sabha,"MoS Power, RS reply, Mar 2026",https://www.socialnews.xyz/2026/03/10/over-25-lakh-rooftop-solar-systems-installed-under-pm-surya-ghar-yojana,
2026-03-16,2587685,3202697,,,,,Lok Sabha,"Minister Pralhad Joshi, LS reply 18 Mar 2026 (Down To Earth 'As told to Parliament')",https://www.downtoearth.org.in/governance/as-told-to-parliament-march-18-2026-surya-ghar-yojana-benefitting-3202697-households-says-centre,
2026-03-19,2619879,3240000,,9560,17967.53,,Parliament / PIB,"MoS Naik reply 24-25 Mar 2026: 26,19,879 systems, 9.56 GW, 32.4 lakh households, CFA Rs 17,967.53 cr",https://solarquarter.com/2026/03/25/pm-surya-ghar-yojana-updates-2026-26-lakh-rooftop-solar-installations-across-india-with-%E2%82%B917967-crore-central-financial-assistance/,Closest official datapoint to FY2025-26 year-end
2026-05-31,3300000,4000000,6500000,12000,22750,1700000,PIB,"PIB 2268992, 4 Jun 2026: >33 lakh systems, >40 lakh households, >12 GW, Rs 22,750 cr; May 2026 record 3.16 lakh installations; 75 lakh target by Dec 2026",https://www.pib.gov.in/PressReleasePage.aspx?PRID=2268992,Rounded ('more than')
2026-07-20,3938805,4747341,7647000,14070,27323.55,1893000,Lok Sabha,LS Unstarred Q.580 answered 22 Jul 2026 (MoS Naik) + LS reply reported Energetica 24 Jul 2026,https://sansad.in/getFile/lsapps/loksabhaquestions/annex/188/AU580_5TGlZa.pdf,LS Starred Q.59 same day reaffirms 1 crore by FY2026-27; Tamil Nadu district-wise annexure
2026-07-22,3972447,4802717,,,,1890000,Rajya Sabha,"MoS Naik, RS written reply 29 Jul 2026 (SolarQuarter)",https://solarquarter.com/2026/07/29/pm-surya-ghar-scheme-nears-4-million-rooftop-solar-installations-over-1-89-million-households-report-zero-power-bills/,"Budget spend: FY25 Rs 7,822.92 cr; FY26 Rs 16,166.23 cr; FY27 BE Rs 22,000 cr (Rs 10,392 cr spent to 22 Jul 2026)"
2026-07-31,,5006000,,14800,28024,1900000,MNRE / PIB,MNRE release 4 Aug 2026 (DD India / pv magazine): 50.06 lakh households; July 2026 record 5.06 lakh; 14.8 GW; vs 7.94 lakh in prior decade,https://ddindia.co.in/2026/08/pm-surya-ghar-scheme-crosses-50-lakh-rooftop-solar-installations/,"Households, not systems"
2026-08-10,4190000,5040000,7770000,14894.95,28390.5,,Rajya Sabha,"MoS Naik, RS reply ~11 Aug 2026 (Hans India): 41.9 lakh systems, 50.4 lakh households, 14,894.95 MW, Rs 28,390.50 cr",https://www.thehansindia.com/amp/business/pm-surya-ghar-scheme-receives-777-million-applications-installs-419-million-solar-systems-1108246,Latest Parliament datapoint; FY2026-27 YTD anchor (official)
2026-08-31,4644000,5528000,8062000,16369,30885,,Portal via secondary,"PMSG:MBY portal data compiled by JMK Research, reported Urban Acres 5 Sep 2026: 46.44 lakh installations, 55.28 lakh households, 16,369 MW; alt snapshot 54,65,417 hh / 16,185.48 MW",https://urbanacres.in/pm-surya-ghars-rooftop-solar-push-reveals-a-scale-up-gap/,NOT a primary government document; portal blocks automated access so could not be verified directly
